,word,ortho,vowels,uni_prob,bi_prob,bi_prob_smoothed,pos_uni_score,pos_bi_score,pos_uni_score_smoothed,pos_bi_score_smoothed,group,filename
0,g a h a n,gahan,aa,-15.424795057512029,-12.671136251120728,-12.713594601335702,1.5950046496787846,1.0568362269206326,1.5942160548671798,1.0537746821415517,1,gahan.mp3
1,h a h a ʒ,hahaj,aa,-18.279717885936645,-15.5480561905522,-15.694802669418907,1.5324850375176986,1.049136449025569,1.5318300917569716,1.046733780370724,2,hahaj.mp3
2,m a k a n,makan,aa,-13.008346846234591,-11.28043634275908,-11.300021336865491,1.6891002822706591,1.0828270821289048,1.6881485735739905,1.078388901097211,3,makan.mp3
3,h a ʒ a ʒ,hajaj,aa,-20.66320435727874,-18.991359167803843,-19.22316769797684,1.503268859604257,1.0253887052721251,1.502664785412429,1.024260469695336,4,hajaj.mp3
4,ɫ a ʒ a ʒ,lajaj,aa,-19.71086706006132,-20.997350540187437,-21.21655733327964,1.4708414018303289,1.003941564890843,1.4702934062511663,1.003940272651001,5,lajaj.mp3
5,d͡ʒ a m a ʒ,camaj,aa,-17.752742677818908,-17.085266867347194,-17.226367434005237,1.5259583015742766,1.0324208128726595,1.5253144134357843,1.0308841077133883,6,camaj.mp3
6,z a ʒ a ʒ,zajaj,aa,-20.65156820085194,-20.88415273374731,-21.111799773330876,1.473656473289835,1.005674667143876,1.4731036094504746,1.0055823087757958,1,zajaj.mp3
7,ɫ a t a j,latay,aa,-13.539207723328191,-16.70963205807083,-16.722833062461532,1.5581158667217818,1.0364821239096451,1.5574094336214954,1.0346702629498348,2,latay.mp3
8,ɫ a g a v,lagav,aa,-15.754122332862629,-20.553058174302627,-20.55978365883928,1.4882072475199175,1.011899048999812,1.487625321159881,1.011429504802159,3,lagav.mp3
9,k a ɾ e t,karet,ae,-12.998093041208076,-11.97346206217353,-11.990829041411471,1.6697599573021775,1.110223784834866,1.6688574527874926,1.1044830661891687,4,karet.mp3
10,t a ɟ e z,tagez,ae,-19.01299062520888,-inf,-20.823952022657384,1.4656215227621532,1.0269158977146384,1.465084309540202,1.0257003443047683,5,tagez.mp3
11,g a v e n,gaven,ae,-16.239688851845823,-13.908186943802582,-13.954428963263789,1.5116455492031928,1.0347739691193514,1.51100876623818,1.033012423159234,6,gaven.mp3
12,h a v e ʒ,havej,ae,-19.09461168027044,-16.910155513317502,-17.0401322477831,1.4491259370421068,1.0389424664117677,1.448622803127972,1.0370968958000453,1,havej.mp3
13,ɫ a c e c,lakek,ae,-20.652231711132256,-inf,-27.899065041129965,1.386819495813845,1.0035239470356945,1.3864247108936807,1.00355006691279,2,lakek.mp3
14,g a ɟ e ʒ,gagej,ae,-22.95925529063217,-inf,-23.771850826744977,1.408639434555404,1.0072505448133169,1.4082066800608468,1.0070846951102934,3,gagej.mp3
15,z a ɟ e c,zagek,ae,-22.710963226448087,-inf,-26.8402764213242,1.3881083490241413,1.0055295882618005,1.3877113533137964,1.005450234168199,4,zagek.mp3
16,ɫ a c e h,lakeh,ae,-18.035397518301707,-inf,-25.02799923003836,1.3994050843368315,1.0041760500679735,1.3989840913843423,1.0041613512211216,5,lakeh.mp3
17,ɫ a l e ɾ,laler,ae,-15.163099753645444,-19.935814013412397,-19.57616384349032,1.474127120354203,1.0201936391485853,1.473554395483853,1.0192033602125234,6,laler.mp3
18,ɫ a c i c,lakik,ai,-20.85006703745811,-inf,-28.268360365160696,1.393714475584772,1.0031978955195548,1.393307140789591,1.003244424758624,1,lakik.mp3
19,g a ɟ i l,gagil,ai,-21.711665732611312,-21.848897140452937,-21.63415311259603,1.4234248610169082,1.0082939096649637,1.4229631257047886,1.0080627500036243,2,gagil.mp3
20,ɫ a m i v,lamiv,ai,-15.108322670255824,-19.84096460834095,-19.840167964977656,1.45267848057084,1.022668785041178,1.452164539040134,1.0216640887099704,3,lamiv.mp3
21,ɫ a c i v,lakiv,ai,-18.573457430867325,-inf,-26.542814999082395,1.405256699256112,1.004371680977657,1.4048253291152235,1.004344736513621,4,lakiv.mp3
22,h a ʒ i z,hajiz,ai,-18.940586263929728,-16.033624750362595,-16.176584461461953,1.4424736309368726,1.029251961469784,1.4419758181306943,1.0278844545484396,5,hajiz.mp3
23,b a ʒ i n,bajin,ai,-17.80349425450386,-14.791020439297638,-14.925564091251209,1.5193623891917725,1.0328627171294904,1.518711994390168,1.0312294576154004,6,bajin.mp3
24,z a c i c,zakik,ai,-21.79076817824873,-inf,-28.16360280521193,1.396529547044278,1.0049309977725878,1.3961173439888992,1.0048864608834187,1,zakik.mp3
25,h a c i z,hakiz,ai,-19.17393398541818,-inf,-21.131318076779458,1.44361829462378,1.029014126217107,1.4431184887150887,1.027660226668782,2,hakiz.mp3
26,k a n i n,kanin,ai,-13.587711962107177,-12.244157249014869,-12.2628318923973,1.6359797029730567,1.0856556606918544,1.6351267738613084,1.0812238961757654,3,kanin.mp3
27,k a k o n,kakon,ao,-14.50659106646786,-12.17321902001452,-12.197940719744937,1.533550580453257,1.0716980709170678,1.532883248380266,1.0680836932215294,4,kakon.mp3
28,ɫ a m o s,lamos,ao,-15.135202724992508,-18.53976533327283,-18.547827889802,1.3788112113885682,1.0185489274708253,1.378427016464903,1.017775753755317,5,lamos.mp3
29,b a j o p,bayop,ao,-17.147287610817873,-14.064023784516072,-14.101916418410518,1.4125267904421874,1.0381955836146763,1.412088909749735,1.0363910290645393,6,bayop.mp3
30,f a m o ʒ,famoj,ao,-19.525006628199367,-18.56252100678364,-18.678545352468166,1.3639122810041675,1.0205395864056823,1.3635640039359638,1.0196690224611438,1,famoj.mp3
31,z a ʒ o ʒ,zajoj,ao,-22.39965586755501,-21.87536781165056,-21.90077854150801,1.3043020941229309,1.0045825459876734,1.3040574801062963,1.004557699117261,2,zajoj.mp3
32,z a ʒ o h,zajoh,ao,-20.01616939621291,-23.3231454652614,-23.200842055018715,1.3161703693104103,1.0043869150779896,1.3159010409835006,1.0043743138247614,3,zajoh.mp3
33,h a ʒ o ʒ,hajoj,ao,-22.411292023981808,-19.98257424570709,-20.012146466153983,1.3339144804373528,1.0242965841159228,1.3336186560682508,1.023235860036801,4,hajoj.mp3
34,ɫ a d͡ʒ o h,lacoh,ao,-17.01330714374341,-22.624939743800624,-22.534580136155395,1.3256740594338108,1.0050050745212178,1.3253881497876747,1.0049588515389372,5,lacoh.mp3
35,h a j o ʒ,hayoj,ao,-19.70425756699943,-16.051747969710995,-16.174734890728512,1.375285896549857,1.0416275407035844,1.374918035761362,1.0396478965275615,6,hayoj.mp3
36,z a g u ʒ,zaguj,au,-20.29947828385247,-22.63081735331332,-22.558066597039417,1.3322117684361712,1.0060543305370335,1.331916871021566,1.005951900443092,1,zaguj.mp3
37,h a ʒ u z,hajuz,au,-19.82947465460673,-17.11965647191572,-17.218070915836304,1.3720422673264103,1.0259268416966203,1.3716726499377587,1.0247640708076309,2,hajuz.mp3
38,ɫ a ɾ u j,laruy,au,-14.988213898012642,-18.225237785879077,-18.23265340120377,1.4806633127456936,1.0515741074637193,1.48010342214873,1.0490474569155095,3,laruy.mp3
39,b a b u z,babuz,au,-17.031411824215805,-14.580740364522184,-14.616442917521326,1.4171372456831095,1.0339474952511396,1.4166893612568667,1.0323546619528714,4,babuz.mp3
40,z a ʒ u ʒ,zajuj,au,-22.21296112594883,-22.467527661364898,-22.468435327208887,1.3256708330824156,1.0043869150779896,1.3253873248250263,1.0043743138247614,5,zajuj.mp3
41,ɫ a g u v,laguv,au,-17.315515257959518,-22.20438998670757,-22.1942114842724,1.3402216073124982,1.0047777004065963,1.3399090365344333,1.0047377633341297,6,laguv.mp3
42,h a ʒ u ʒ,hajuj,au,-22.22459728237563,-20.574734095421437,-20.57980325185485,1.3552832193968376,1.024100953206239,1.354948500786981,1.0230524747443015,1,hajuj.mp3
43,j a b u ʒ,yabuj,au,-19.31027464586884,-18.66177474584945,-18.602207543248568,1.3727688430545328,1.029576112826616,1.3724036038051812,1.02823132533125,2,yabuj.mp3
44,k a k u ɾ,kakur,au,-14.067811152368842,-12.708404717891712,-12.729721104711002,1.5578537830579977,1.0749244666982,1.5571414460631403,1.071116634968564,3,kakur.mp3
45,z a c y c,zakük,ay,-22.967338641377516,-inf,-27.738112216193443,1.30615402707163,1.004670156559676,1.305906320725149,1.004641947160086,4,zakük.mp3
46,ɫ a c y j,laküy,ay,-19.086255322116067,-inf,-25.538775771876324,1.3230324671869529,1.003067474913099,1.3227486196407618,1.0031221678969575,5,laküy.mp3
47,g a m y z,gamüz,ay,-17.355373317181197,-14.240338449458276,-14.287440891901769,1.3908659418471938,1.0224670797058462,1.390465006547887,1.02149027043917,6,gamüz.mp3
48,h a ɟ y ʒ,hagüj,ay,-23.863657450841075,-22.624553381069926,-22.344510460590467,1.3349575084723493,1.0247789272681185,1.334659755521368,1.023693209239092,1,hagüj.mp3
49,ɫ a c y c,lakük,ay,-22.026637500586897,-inf,-27.84286977614221,1.303338955612124,1.0029370543066431,1.3030961175258404,1.0029999110352912,2,lakük.mp3
50,ɫ a n y j,lanüy,ay,-15.527981142957266,-20.048631415631327,-20.029886559218973,1.394546693721347,1.0266470238072245,1.394138324722925,1.0254534974166822,3,lanüy.mp3
51,h a ʒ y z,hajüz,ay,-20.11715672705851,-17.4716328950729,-17.489616749544957,1.3520981109642247,1.0246878459352902,1.3517647948669438,1.0236026306218002,4,hajüz.mp3
52,d a d͡ʒ y c,dacük,ay,-20.390530859618952,-21.37064354819536,-21.197885713347908,1.3547360937852992,1.0112501093178448,1.3544042392735065,1.0108747896025891,5,dacük.mp3
53,k a m y ɾ,kamür,ay,-14.60533667129042,-12.566891947703592,-12.592572980919178,1.5244462014259983,1.062697489208468,1.5237936084044486,1.0595720312963168,6,kamür.mp3
54,ɫ a v ø c,lavök,aø,-20.9587256480507,-inf,-27.741190815322057,1.3120436196337373,1.0128467704178925,1.311787239641347,1.0123863819849432,1,lavök.mp3
55,h a t͡ʃ ø z,haçöz,aø,-19.2911820112246,-16.038256272556517,-16.08294553334273,1.3428697105576248,1.02767606738203,1.3425540778269385,1.026436686056419,2,haçöz.mp3
56,b a ɟ ø z,bagöz,aø,-22.46994439760235,-inf,-18.968121900756447,1.3525891302094293,1.0208335147527232,1.3522568267997628,1.0199546011622187,3,bagöz.mp3
57,z a ɟ ø c,zagök,aø,-25.29406676995731,-inf,-27.908409897602446,1.2841708027252068,1.0048774852295213,1.2839629886018915,1.004838949859867,4,zagök.mp3
58,ɫ a c ø c,lakök,aø,-23.235335254641484,-inf,-28.96719851740822,1.2828819495149104,1.0028718440034152,1.2826763461817758,1.002938782604458,5,lakök.mp3
59,j a c ø t͡ʃ,yaköç,aø,-21.596104374841666,-inf,-22.599644393527782,1.31698528948836,1.0178198509358245,1.316717900772158,1.0171013441808128,6,yaköç.mp3
60,ɫ a m ø s,lamös,aø,-16.4448878098927,-21.700506185311,-21.560223247833047,1.3597787878886536,1.0166672670594712,1.359429234768754,1.0160046485573355,1,lamös.mp3
61,b a ɟ ø ʒ,bagöj,aø,-24.86506702537125,-inf,-23.420803652697536,1.3358300822798563,1.0206378838430394,1.335532677648985,1.0197712158697192,2,bagöj.mp3
62,k a t ø ɾ,katör,aø,-15.581196584717304,-14.400670214601377,-14.436010397238292,1.5237210169792808,1.059134654867906,1.5230713014199444,1.0562306009407805,3,katör.mp3
63,m a f ɯ ʒ,mafıj,aɯ,-19.123444916118363,-inf,-20.272463690019517,1.433901152468908,1.028327685373242,1.4334293801112787,1.0270542242358425,4,mafıj.mp3
64,k a k ɯ ɾ,kakır,aɯ,-13.852944181894014,-12.144674325482123,-12.165544970347293,1.5676549113274147,1.081113994281714,1.5669247348407982,1.076949339812567,5,kakır.mp3
65,ɫ a ʒ ɯ ʒ,lajıj,aɯ,-21.057393014683385,-inf,-26.41048458696313,1.3326568898923266,1.0026538128249567,1.3323604104033762,1.0027322776999663,6,lajıj.mp3
66,ɫ a ʒ ɯ v,lajıv,aɯ,-19.01413112958105,-25.27309072876929,-24.70218102731933,1.3434818002281597,1.0027190231281846,1.3431627791155516,1.0027934061307997,1,lajıv.mp3
67,z a ʒ ɯ ʒ,zajıj,aɯ,-21.998094155474003,-inf,-26.305727027014363,1.3354719613518329,1.0043869150779896,1.3351706136026844,1.0043743138247614,2,zajıj.mp3
68,g a d͡ʒ ɯ ʃ,gacış,aɯ,-18.1433036565909,-15.499386284508248,-15.553373615329928,1.387167586098868,1.015460105386242,1.3867697858340529,1.014803618740054,3,gacış.mp3
69,b a d͡ʒ ɯ z,bacız,aɯ,-17.34515839292861,-14.26280182945655,-14.306332778850988,1.4154917370834543,1.0246087747061503,1.4150459441905807,1.023516791495323,4,bacız.mp3
70,b a ʒ ɯ ʒ,bajıj,aɯ,-21.802442132376388,-inf,-24.18673784570743,1.3864139275709753,1.0201473136915078,1.3860244830363206,1.0193065798346137,5,bajıj.mp3
71,ɫ a m ɯ j,lamıy,aɯ,-15.11857151857796,-20.33622952955124,-20.330363342345912,1.4001995331332835,1.017897430130006,1.3997789734141448,1.0171616356786684,6,lamıy.mp3
72,b e v a z,bevaz,ea,-16.49220087297713,-13.608243420111007,-13.653196067821916,1.477372226790212,1.039668977985646,1.4768067318712417,1.0377122037388582,1,bevaz.mp3
73,b e ʒ a v,bejav,ea,-18.887323500746025,-19.56906284531509,-19.661279048791737,1.441131755390738,1.018474361069321,1.4406313873886738,1.01766664871558,2,bejav.mp3
74,b e ʒ a ʒ,bejaj,ea,-20.93058538584836,-19.48837816175328,-19.69732468362156,1.4303068450549048,1.014235691359507,1.4298290186764984,1.013693300711423,3,bejaj.mp3
75,l e k a ɾ,lekar,ea,-15.017293036612118,-19.40783449813068,-19.044786274829686,1.5080939526744883,1.045194852222235,1.5074543029063974,1.0427811490211962,4,lekar.mp3
76,l e g a v,legav,ea,-18.119190425169464,-25.71501109338958,-25.332981685756884,1.3881772381676205,1.008863681612553,1.3877683698152172,1.0085537534032074,5,legav.mp3
77,l e ʒ a v,lejav,ea,-20.032673267265825,-26.44332906685423,-26.14940301912727,1.3816363028138647,1.0061260075164613,1.381238823618678,1.0059671413264173,6,lejav.mp3
78,ɟ e ʒ a ʒ,gejaj,ea,-24.87273813272853,-inf,-27.9824876029104,1.3654519295070486,1.0018873378066473,1.3650862603539733,1.0019937933222605,1,gejaj.mp3
79,t e ɾ a n,teran,ea,-13.154797069130572,-11.724338917087254,-11.742921937601642,1.6505512704719087,1.1099233378103026,1.6496653866651498,1.104018173778758,2,teran.mp3
80,b e v a ʒ,bevaj,ea,-18.887323500746025,-15.872593466040806,-16.021901122917775,1.460613178860639,1.0349086258500086,1.460082582720464,1.033249828288036,3,bevaj.mp3
81,ɟ e ɟ e c,gegek,ee,-26.93213315832468,-inf,-34.31977028302991,1.279903805241355,1.0007611186215082,1.279694004217295,1.0009324466444522,4,gegek.mp3
82,n e l e s,neles,ee,-16.133712940143006,-22.309363966878458,-21.94511758334053,1.3421106100147846,1.0138487784772976,1.3417826732353673,1.0132823171708598,5,neles.mp3
83,m e t e ɾ,meter,ee,-13.722605695771906,-12.003654907782868,-12.023346713937531,1.5195622914746405,1.0525880770319855,1.518910401773783,1.0498613480187184,6,meter.mp3
84,l e l e c,lelek,ee,-21.338527197603927,-31.45089604529384,-30.582591541482635,1.2981271077413907,1.0037045395306985,1.2978856396230185,1.0037202628550872,1,lelek.mp3
85,b e v e ʒ,bevej,ee,-19.361992708840056,-16.706821942985723,-16.834862117610335,1.3761639224927549,1.0278984680883785,1.3757870363920413,1.0266329792683782,2,bevej.mp3
86,b e ɟ e ʒ,begej,ee,-22.756632689956056,-inf,-24.058032387919116,1.345476034124718,1.0127182103550003,1.3451525821532777,1.0122651834486156,3,begej.mp3
87,l e l e h,leleh,ee,-18.72169300477338,-28.452981385838587,-27.71152573039103,1.3107126962643774,1.0043566425629775,1.31044502011368,1.0043315471634189,4,leleh.mp3
88,b e v e z,bevez,ee,-16.966870081071157,-14.397609492998663,-14.44031212076233,1.3929229704223276,1.029528725669076,1.392511185542819,1.0281611900392078,5,bevez.mp3
89,c e d͡ʒ e t͡ʃ,keceç,ee,-20.132543384729967,-inf,-23.078955930544776,1.3025086740061806,1.007703124650714,1.30225682196575,1.0074974497629463,6,keceç.mp3
90,b e v i z,beviz,ei,-17.164705407397012,-14.3441056545888,-14.386834265478743,1.3998179501932546,1.0313640525417127,1.3993936154387292,1.029874405398718,1,beviz.mp3
91,ɟ e ɟ i c,gegik,ei,-27.129968484650533,-inf,-33.995918426500694,1.286798785012282,1.0004350671053688,1.286576434113205,1.0006268044902862,2,gegik.mp3
92,l e l i c,lelik,ei,-21.536362523929785,-31.435382275761945,-30.66420479306158,1.3050220875123175,1.0033784880145589,1.3047680695189283,1.0034146207009211,3,lelik.mp3
93,b e ɟ i ʒ,begij,ei,-22.954468016281908,-24.63461507476936,-24.18943630400108,1.352371013895645,1.0125225794453168,1.3520350120491875,1.012081798156116,4,begij.mp3
94,t e ɾ i n,terin,ei,-13.827301603550456,-12.502644627942797,-12.521773624907365,1.5729969938749515,1.0804929495674649,1.5722522702326374,1.0763164691861506,5,terin.mp3
95,b e ʒ i l,bejil,ei,-20.15766503592153,-17.87290940676915,-18.003973266743422,1.3606430151485247,1.0147080117893146,1.3602899179920174,1.0141386071612013,6,bejil.mp3
96,l e l i v,leliv,ei,-19.259752917339,-29.576825325610372,-28.93865942698328,1.3165643111836578,1.004552273472661,1.316286257844561,1.0045149324559184,1,leliv.mp3
97,l e ʒ i z,lejiz,ei,-20.353317059019144,-23.404909965851168,-23.138865417442208,1.3100161638106471,1.005750594004306,1.3097474876247677,1.005617778175364,2,lejiz.mp3
98,l e m i m,lemim,ei,-16.284865608541942,-21.681059717316177,-21.31860352956532,1.380102008877493,1.023384257708429,1.3797039565377944,1.022273629864209,3,lemim.mp3
99,ɟ e ʒ o ʒ,gejoj,eo,-26.6208257994316,-inf,-28.771466371087545,1.1960975503401443,1.0007952166504448,1.196040131009795,1.0009691836637256,4,gejoj.mp3
100,b e j o ʒ,beyoj,eo,-19.97163859556905,-16.470032923117923,-16.58974983451702,1.3023238820005048,1.0234430212856789,1.3020822690254312,1.0224209443737986,5,beyoj.mp3
101,t e k o n,tekon,eo,-14.998265880403986,-12.987925813400334,-13.012766174055423,1.404395408692991,1.0462338914653162,1.4039515023966052,1.043960708572914,6,tekon.mp3
102,n e m o h,nemoh,eo,-16.32924773528244,-20.77206130453725,-20.72677249674745,1.276400178714621,1.016692629955233,1.2761991218991138,1.016027305212858,1,nemoh.mp3
103,ɟ e j o ʒ,geyoj,eo,-23.913791342449223,-inf,-24.87491275380586,1.2374689664526486,1.0110946677328192,1.2373395107029062,1.010721436984636,2,geyoj.mp3
104,l e g o h,legoh,eo,-19.527053505632765,-27.75113638166346,-27.30870853132985,1.2198662238523628,1.0014568108084176,1.2197634326360676,1.0015956377134012,3,legoh.mp3
105,h e ʒ o ʃ,hejoş,eo,-20.611692059199083,-21.352021945146213,-21.261716898107,1.2591859769516531,1.0061370897175157,1.2590125489549313,1.006025124082477,4,hejoş.mp3
106,ɟ e g o h,gegoh,eo,-22.32385648599314,-inf,-29.10574748028316,1.2145067608813798,1.0014568108084176,1.2144132380835384,1.0015956377134012,5,gegoh.mp3
107,b e j o p,beyop,eo,-17.621956818911904,-14.710265369997016,-14.747288468151918,1.318235195988115,1.023964703711502,1.3179604495421229,1.0229099718204642,6,beyop.mp3
108,l e g u j,leguy,eu,-19.01681077838631,-26.364507293773418,-25.975664718831844,1.2483428858636896,1.0016771227161092,1.248186398979058,1.0018008835043444,1,leguy.mp3
109,t͡ʃ e ʒ u ʒ,çejuj,eu,-23.04808049192325,-22.073070829734757,-22.06130764515632,1.2460500918115391,1.0066654436263762,1.2459043466753474,1.0065329248080075,2,çejuj.mp3
110,n e n u v,nenuv,eu,-16.389638161368726,-20.32506844843672,-20.31731129385749,1.3208179980421255,1.0235487936312362,1.320538269610069,1.0225154110321275,3,nenuv.mp3
111,m e ɾ u ɾ,merur,eu,-14.696942662362323,-13.023558297137315,-13.045322398545368,1.5265589938664366,1.061050686684545,1.5258999366294403,1.0579611009135987,4,merur.mp3
112,ɟ e ʒ u ʒ,gejuj,eu,-26.43413105782542,-inf,-29.33912315678841,1.2174662892996293,1.000599585740761,1.2173699757285252,1.000785798371226,5,gejuj.mp3
113,ɟ e g u j,geguy,eu,-21.813613758746683,-inf,-27.77270366778515,1.2429834228927066,1.0016771227161092,1.2428362044265289,1.0018008835043444,6,geguy.mp3
114,b e ʒ u z,bejuz,eu,-20.09685568317635,-17.616675465865157,-17.692227901481022,1.2990802527770584,1.0147738277840022,1.298836883201828,1.0141969018237178,1,bejuz.mp3
115,ʃ e z u ʒ,şezuj,eu,-20.413361161166105,-21.30607077641668,-21.23961045572301,1.274892670609532,1.0140542779889286,1.2746965965867414,1.0135267325647053,2,şezuj.mp3
116,b e v u z,bevuz,eu,-18.05359379807402,-15.116452617134565,-15.154527759561976,1.3293865865827923,1.027526083033521,1.3290904472457938,1.0262694472757412,3,bevuz.mp3
117,ɟ e ɟ y c,gegük,ey,-28.30653894777932,-inf,-33.570427837482214,1.196423265039634,1.000231209196349,1.1963654108494548,1.000436132364972,4,gegük.mp3
118,d͡ʒ e t͡ʃ y c,ceçük,ey,-21.506949174184605,-23.436694565711367,-23.25424943879691,1.2256817579040702,1.0104750503657995,1.2255731677132062,1.010138519579413,5,ceçük.mp3
119,b e ʒ y z,bejüz,ey,-20.38453775562813,-17.968651889022336,-17.963773735189676,1.2791360964148726,1.0135348320226718,1.278929028131013,1.0130354616378874,6,bejüz.mp3
120,t e m y ɾ,temür,ey,-15.097011485226544,-13.149158478430715,-13.17506319379305,1.3952910296657324,1.043610721726628,1.3948618624207878,1.0414893151040772,1,temür.mp3
121,v e ɟ y ʒ,vegüj,ey,-24.678551245174877,-25.32234222567088,-24.826847868345496,1.2138685991633609,1.0052790884770466,1.2137803225511092,1.0052181146545902,2,vegüj.mp3
122,n e p y j,nepüy,ey,-16.98879234295367,-21.717938967258256,-21.69222912574372,1.2636746444640563,1.0096114935791205,1.2634932080325365,1.0093200333401624,3,nepüy.mp3
123,l e l y c,lelük,ey,-22.712932987058565,-inf,-31.625008565162982,1.2146465675396698,1.0031176468016472,1.214557046255178,1.0031701069775885,4,lelük.mp3
124,l e l y j,lelüy,ey,-19.77255080858773,-inf,-29.3209145608971,1.2343400791144985,1.003248067408103,1.2342095483700994,1.0032923638392548,5,lelüy.mp3
125,b e d͡ʒ y z,becüz,ey,-18.322376643949248,-15.50382960677507,-15.540572147404909,1.291454857997779,1.017144724013624,1.2912263401344954,1.0164538694214755,6,becüz.mp3
126,ɟ e ɟ ø c,gegök,eø,-29.515236701833903,-inf,-35.387903759308166,1.1759662589424205,1.0001090155892292,1.1759456395053902,1.0003211623361203,1,gegök.mp3
127,t͡ʃ e ʒ ø z,çejöz,eø,-22.14933769066073,-19.18578744927172,-19.077176117348685,1.222407977281713,1.00686107453606,1.2223008694112456,1.0067163101005072,2,çejöz.mp3
128,m e t ø ɾ,metör,eø,-16.305709239281132,-14.332928742029557,-14.370439435773992,1.415624745175706,1.0262030905848891,1.415162037061878,1.0250322748512253,3,metör.mp3
129,v e ɟ ø ʒ,vegöj,eø,-25.88724899922946,-inf,-26.13349816640546,1.1934115930661473,1.0050916845666988,1.1933605512070449,1.0050420161949054,4,vegöj.mp3
130,ɟ e j ø z,geyöz,eø,-22.82835379958052,-inf,-24.81298284362385,1.235195590882307,1.009898018351088,1.2350658781575348,1.0095907634262449,5,geyöz.mp3
131,b e t͡ʃ ø z,beçöz,eø,-19.55856303979421,-16.45022001700887,-16.488509727521837,1.2699076960082727,1.015705436550192,1.2697183110910075,1.0150951236806631,6,beçöz.mp3
132,l e m ø c,lemök,eø,-22.135268586336817,-inf,-30.8974573340183,1.2302737214773412,1.0104704475845636,1.230158604762022,1.010134576043257,1,lemök.mp3
133,n e m ø h,nemöh,eø,-17.63893282018263,-23.558108707134007,-23.245886540663424,1.2573677552147065,1.0157239137890697,1.2572013402029647,1.015111998046541,2,nemöh.mp3
134,l e l ø c,lelök,eø,-23.921630741113155,-inf,-32.749337306429,1.1941895614424562,1.0030524364984192,1.1941372749111134,1.0031089785467553,3,lelök.mp3
135,ɟ e d͡ʒ ɯ ʃ,gecış,eɯ,-21.88283380279496,-inf,-23.003164237882388,1.2591492701203255,1.0107052213650367,1.2589729296039585,1.0102980225080054,4,gecış.mp3
136,ɟ e ʒ ɯ ʒ,gejıj,eɯ,-26.219264087350595,-inf,-33.17641485659389,1.2272674175690463,1.000599585740761,1.2271532645061831,1.000785798371226,5,gejıj.mp3
137,n e m ɯ v,nemıv,eɯ,-16.2679106094412,-21.623136884117503,-21.602958834317167,1.3065266810918763,1.0163019738273251,1.3062710632304733,1.015657700859542,6,nemıv.mp3
138,b e d͡ʒ ɯ z,becız,eɯ,-17.81982760102264,-14.454949896520516,-14.498099044664276,1.3212001426293818,1.018554063995171,1.3209174839829685,1.0177796681696785,1,becız.mp3
139,l e ʒ ɯ h,lejıh,eɯ,-21.03897463564812,-30.18402807989924,-29.20540471553685,1.244495155727509,1.0007952166504448,1.2443470199359166,1.0009691836637256,2,lejıh.mp3
140,l e ʒ ɯ ʒ,lejıj,eɯ,-23.42246110699022,-inf,-31.37937590764058,1.2326268805400291,1.000599585740761,1.2325034590587125,1.000785798371226,3,lejıj.mp3
141,m e ɾ ɯ ɾ,merır,eɯ,-14.482075691887497,-12.618518906214195,-12.639743620026252,1.5363601221358536,1.0643340657695692,1.535683225407098,1.061047884258652,4,merır.mp3
142,d͡ʒ e b ɯ ʒ,cebıj,eɯ,-20.21495022879154,-inf,-22.87691116711818,1.2686811486325449,1.0124836117672047,1.2684950947185034,1.0120414031131446,5,cebıj.mp3
143,b e ʒ ɯ z,bejız,eɯ,-19.881988712701524,-20.15074841057007,-19.602322161163336,1.3088813810464754,1.014317355661407,1.308620171979486,1.0137690028078854,6,bejız.mp3
144,l i ɾ a ɫ,liral,ia,-15.3609350799713,-19.8361902836386,-19.591438837393905,1.4834033363849624,1.052665896370704,1.482810949290984,1.049897439309165,1,liral.mp3
145,l i ʒ a v,lijav,ia,-20.23050859359168,-26.93864092108832,-26.6862720433174,1.2954686251708838,1.005853468543388,1.2952202250027611,1.005709010195803,2,lijav.mp3
146,b i ʒ a ʒ,bijaj,ia,-21.12842071217421,-20.462820259132272,-20.59539447720862,1.344139167411924,1.013475717377768,1.3438104200605814,1.0129733469207105,3,bijaj.mp3
147,b i h a ʒ,bihaj,ia,-18.744934240832112,-16.24298849238163,-16.385096205880032,1.3733553453253655,1.0233784812990958,1.372975726405124,1.0223335961608893,4,bihaj.mp3
148,b i h a z,bihaz,ia,-16.349811613063217,-13.978638446451834,-14.016391150784171,1.3901143932549385,1.0281388334347332,1.3896998755559016,1.0267959716117114,5,bihaz.mp3
149,ɟ i ʒ a ʒ,gijaj,ia,-25.070573459054387,-28.408200172943992,-28.11389151899236,1.2792842518640677,1.001614798833574,1.2790676617380563,1.0017356621916462,6,gijaj.mp3
150,ʃ i ʒ a z,şijaz,ia,-19.04980356239507,-19.97037085869323,-19.99831106394273,1.315532256051761,1.0098413554752772,1.315247063807122,1.009482109892058,1,şijaz.mp3
151,l i g a v,ligav,ia,-18.317025751495315,-24.90199012797349,-24.64460050717379,1.3020095605246391,1.0094632673533137,1.3017497711993005,1.0091216418905589,2,ligav.mp3
152,t i k a n,tikan,ia,-13.448013540026771,-12.360180704819967,-12.378790372777791,1.4875821102169142,1.045676820009706,1.486979033124867,1.0431959745683663,3,tikan.mp3
153,c i t͡ʃ e f,kiçef,ie,-20.35455499473321,-inf,-23.19101449988911,1.2206632956388237,1.0041193198207332,1.2205511500064978,1.0040987094266125,4,kiçef.mp3
154,b i f e ʒ,bifej,ie,-19.56510509226675,-17.233656594746645,-17.35991958085872,1.2770233897314918,1.0171636142826754,1.276818171152988,1.0164683141415962,5,bifej.mp3
155,n i l e s,niles,ie,-16.331548266468857,-22.702137034627185,-22.335041029784072,1.2559429323718037,1.0105370402756846,1.2557640746194505,1.01014499607184,6,niles.mp3
156,l i l e c,lilek,ie,-21.536362523929785,-31.08398438892405,-30.331424169322283,1.2119594300984098,1.002450860254562,1.2118670410071015,1.002532859654261,1,lilek.mp3
157,l i l e h,lileh,ie,-18.919528331099237,-28.0860697294688,-27.46035835823068,1.2245450186213964,1.0031029632868411,1.2244264214977632,1.0031441439625928,2,lileh.mp3
158,t i t e n,titen,ie,-13.939688353962891,-13.031948462442172,-13.050716201785225,1.4094012502297124,1.034895013822322,1.4089409685681276,1.0331065768439232,3,titen.mp3
159,ɟ i ɟ e c,gigek,ie,-27.129968484650533,-inf,-33.71720502403168,1.193736127598374,1.0007611186215082,1.1936754056013783,1.0009324466444522,4,gigek.mp3
160,b i j e l,biyel,ie,-17.450630578939155,-15.174694213804408,-15.223894371415602,1.3089517738471208,1.0209242625509964,1.3086882691733015,1.0200235747731865,5,biyel.mp3
161,ɟ i f e ʒ,gifej,ie,-23.50725783914693,-25.179036508558365,-24.87841662264246,1.2121684741836356,1.0053026957384814,1.2120754128304632,1.0052306294125322,6,gifej.mp3
162,t i ɾ i n,tirin,ii,-14.025136929876307,-13.29622096087098,-13.31495014679013,1.4868293162319706,1.0380836476564423,1.4862336716167204,1.036141119098454,1,tirin.mp3
163,b i ɟ i ʒ,bigij,ii,-23.15230334260776,-24.915909991588407,-24.35353692250794,1.266203336252664,1.012035144436651,1.2660164134332708,1.0116199754960176,2,bigij.mp3
164,l i l i v,liliv,ii,-19.457588243664848,-29.20991366924059,-28.687492054822933,1.2303966335406769,1.003298594196525,1.2302676592286446,1.0033275292550925,3,liliv.mp3
165,b i ʒ i ʃ,bijiş,ii,-19.526656073717337,-17.97370132018528,-18.017836365125127,1.2861479817833397,1.0177954456980225,1.285919656722362,1.017025230789646,4,bijiş.mp3
166,l i l i c,lilik,ii,-21.734197850255637,-31.06847061939216,-30.413037420901237,1.2188544098693368,1.0021248087384225,1.2187494709030118,1.002227217500095,5,lilik.mp3
167,b i f i z,bifiz,ii,-17.367817790823707,-14.539143873848408,-14.5814801904761,1.3006774174319915,1.0215979149021732,1.300424750199676,1.0206250474382526,6,bifiz.mp3
168,v i c i t͡ʃ,vikiç,ii,-20.547113263958217,-inf,-23.1711421973128,1.2268410034005357,1.0039829073988151,1.2267195786230238,1.0039769766982811,1,vikiç.mp3
169,ɟ i ɟ i c,gigik,ii,-27.327803810976384,-34.544864796093734,-33.39335316750246,1.200631107369301,1.0004350671053688,1.2005578354972886,1.0006268044902862,2,gigik.mp3
170,n i l i s,nilis,ii,-16.529383592794712,-21.972909806953865,-21.72458759793683,1.262837912142731,1.0115151948241032,1.2626465045153608,1.0110619225343378,3,nilis.mp3
171,t i k o n,tikon,io,-15.196101206729836,-13.240996547523356,-13.26604749315664,1.31822773105001,1.0146171328879905,1.3179329037806882,1.0140073512575454,4,tikon.mp3
172,n i ɾ o h,niroh,io,-16.181858470568148,-20.449641425018715,-20.406357405732297,1.2804974089534673,1.016507593530359,1.2802882607954402,1.015847513933592,5,niroh.mp3
173,l i v o h,livoh,io,-19.595109788952644,-27.49272636985236,-27.15263118582112,1.1574639446613604,1.0022967539016463,1.1574688518675773,1.0023928574967222,6,livoh.mp3
174,ɟ i f o ʒ,gifoj,io,-24.780676297755964,-25.425443803693742,-25.116310217920844,1.1272633513846158,1.0025592701523314,1.1273248298147074,1.0026389458748235,1,gifoj.mp3
175,ɟ i ʒ o ʒ,gijoj,io,-26.81866112575745,-29.39941525084724,-28.902870287169502,1.1099298726971636,1.0005226776773717,1.110021532393878,1.000711052533111,2,gijoj.mp3
176,b i j o ʒ,biyoj,io,-20.1694739218949,-16.17150934468403,-16.29228988361789,1.2161562043575238,1.0185949627078428,1.2160636704095142,1.0178290236238705,3,biyoj.mp3
177,b i j o p,biyop,io,-17.819792145237756,-14.411741791563118,-14.44982851725279,1.2320675183451335,1.019116645133666,1.231941850926206,1.018318051070536,4,biyop.mp3
178,h i ʒ o ʃ,hijoş,io,-20.809527385524937,-21.758984629549012,-21.594790011980702,1.1730182993086722,1.005756231853628,1.1729939503390143,1.0056643656940627,5,hijoş.mp3
179,l i ʒ o h,lijoh,io,-21.63837167405498,-29.2969489690406,-28.811359959835062,1.1271576108556265,1.0003270467676877,1.1272152878236117,1.0005276672406118,6,lijoh.mp3
180,b i j u z,biyuz,iu,-17.587656552519828,-14.901222365010376,-14.934988048180376,1.2542839912465815,1.0211939364547036,1.2541176642790226,1.0202725415610168,1,biyuz.mp3
181,t i k u ɾ,tikur,iu,-14.757321292630818,-13.776182245400546,-13.797827878122703,1.3425309336547508,1.0178435286691223,1.3421911014635628,1.01704029300458,2,tikur.mp3
182,n i n u v,ninuv,iu,-16.587473487694577,-20.74289718035614,-20.73475916364208,1.2346503203991448,1.015385861708921,1.234519670994152,1.0147833558081725,3,ninuv.mp3
183,h i ʒ u ʒ,hijuj,iu,-22.89710181679552,-22.812369904220137,-22.719046165604528,1.174823947299784,1.005038918518121,1.1748014419634516,1.0049919529548976,4,hijuj.mp3
184,l i n u v,linuv,iu,-18.466975061018218,-24.951618240796765,-24.684255423615568,1.220141875184766,1.0121904544298916,1.220036316043871,1.011755851703082,5,linuv.mp3
185,l i ʒ u v,lijuv,iu,-21.791901518688565,-27.90170599209823,-27.610340559309456,1.1474829849634645,1.0007835188902832,1.1475039403773133,1.000955566256444,6,lijuv.mp3
186,z i ʃ u ʒ,zişuj,iu,-20.61119648749196,-21.50834429121576,-21.43777842049785,1.1722474271142185,1.0065648677878622,1.1722290569471934,1.0064344360939144,1,zişuj.mp3
187,ɟ i ʒ u ʒ,gijuj,iu,-26.63196638415128,-29.991575100561576,-29.47052707287037,1.1312986116566484,1.0003270467676877,1.1313513771126087,1.0005276672406118,2,gijuj.mp3
188,b i j u ʒ,biyuj,iu,-19.982779180288727,-18.35629998851609,-18.296720384198927,1.2375249433170086,1.019368047964322,1.237393515128245,1.0185609454976876,3,biyuj.mp3
189,n i v y j,nivüy,iy,-17.493047560834334,-22.47616192556484,-22.44275508862507,1.18050489552488,1.0055738254825757,1.1804673180900334,1.0054960636982748,4,nivüy.mp3
190,b i ɟ y j,bigüy,iy,-21.62183934875417,-23.738323784339784,-23.145271532434343,1.194804014519338,1.0122225483469989,1.1947420726709843,1.0117960739557024,5,bigüy.mp3
191,v i ɟ y ʒ,vigüj,iy,-24.876386571500724,-25.881186525811604,-25.267184291001364,1.12770092152038,1.0024086378704609,1.1277617239351925,1.0024984923228988,6,vigüj.mp3
192,f i m y z,fimüz,iy,-17.903375865695956,-14.742633621324917,-14.786764221872444,1.201636639433986,1.0120057633303254,1.2015630839111278,1.0115817861902552,1,fimüz.mp3
193,b i m y ʒ,bimüj,iy,-19.745708670599832,-17.144470810093683,-17.12870059621924,1.224775815843954,1.017560989647938,1.224668160873623,1.0168496999823045,2,bimüj.mp3
194,t i m y ɾ,timür,iy,-15.294846811552397,-13.660054019068708,-13.685647803861627,1.3091233520227514,1.0122665021223751,1.3088432638048708,1.011794088919323,3,timür.mp3
195,l i l y j,lilüy,iy,-19.9703861349136,-inf,-29.06974718873675,1.1481724014715176,1.0019943881319666,1.148190949754183,1.002104960638429,4,lilüy.mp3
196,l i l y c,lilük,iy,-22.91076831338442,-inf,-31.37384119300264,1.1284788898966889,1.0018639675255108,1.1285384476392613,1.0019827037767624,5,lilük.mp3
197,ɟ i ɟ y c,gigük,iy,-28.50437427410517,-34.16680202918272,-32.967862578483974,1.110255587396653,1.000231209196349,1.110346812233538,1.000436132364972,6,gigük.mp3
198,v i ɟ ø ʒ,vigöj,iø,-26.08508432555531,-inf,-26.573834589061327,1.1072439154231664,1.002221233960113,1.107341952591128,1.002322393863214,1,vigöj.mp3
199,t i s ø ɾ,tisör,iø,-16.6433666420812,-15.288823083741889,-15.32336104232457,1.2934630318516254,1.009196713442622,1.2932118263382686,1.0089195099707884,2,tisör.mp3
200,l i v ø h,livöh,iø,-20.90479487385284,-inf,-30.017786917374448,1.1384315211614455,1.0021258039899703,1.138471070171428,1.0022313327026664,3,livöh.mp3
201,l i v ø c,livök,iø,-23.521629066683385,-inf,-33.078770632151944,1.1258459326384591,1.0021258039899703,1.1259116896807664,1.0022313327026664,4,livök.mp3
202,b i ɟ ø z,bigöz,iø,-23.142448932022237,-inf,-20.44554264298711,1.1721298581123756,1.012165565043107,1.1721097679762331,1.011742232357684,5,bigöz.mp3
203,n i m ø h,nimöh,iø,-17.836768146508483,-23.90398304309107,-23.591272132676064,1.1712000775717255,1.0073974584829106,1.171182741587048,1.0072250641442173,6,nimöh.mp3
204,f i f ø c,fifök,iø,-22.93434618012945,-inf,-24.81560530960652,1.1324703057575094,1.00781397621939,1.132524760714353,1.0076205413173758,1,fifök.mp3
205,b i t͡ʃ ø z,biçöz,iø,-19.756398366120063,-16.19975610039546,-16.23976513062291,1.1837400183652915,1.0128196585784826,1.1836997124750908,1.0123617470711583,2,biçöz.mp3
206,ɟ i ɟ ø c,gigök,iø,-29.71307202815976,-inf,-34.785338500309926,1.0897985812994395,1.0001090155892292,1.0899270408894737,1.0003211623361203,3,gigök.mp3
207,f i b ɯ ʒ,fibıj,iɯ,-20.436961838794783,-inf,-22.99963373834789,1.1898218295863592,1.0083986623139738,1.1897722159469446,1.0081722495289367,4,fibıj.mp3
208,l i ʒ ɯ v,lijıv,iɯ,-21.57703454821374,-31.133696426108365,-30.207941372186912,1.1572841132328815,1.0003922570709156,1.157287229154971,1.000588795671445,5,lijıv.mp3
209,n i m ɯ h,nimıh,iɯ,-16.125521349527286,-21.514654728099533,-21.48267679386988,1.221402368300542,1.008105939127622,1.2212936567795851,1.0078930238188846,6,nimıh.mp3
210,l i ʒ ɯ h,lijıh,iɯ,-21.23680996197397,-30.679339934133328,-29.742273739726983,1.158327478084528,1.0005226776773717,1.1583284213199998,1.000711052533111,1,lijıh.mp3
211,t͡ʃ i d͡ʒ ɯ t͡ʃ,çicıç,iɯ,-18.934215266206888,-18.007434786889252,-18.031020698229675,1.1892406476791797,1.007346548615294,1.1891896194854592,1.007170341171165,2,çicıç.mp3
212,ɟ i ʒ ɯ ʒ,gijıj,iɯ,-26.41709941367645,-inf,-33.307818772675844,1.1410997399260654,1.0003270467676877,1.1411346658902664,1.0005276672406118,3,gijıj.mp3
213,t i k ɯ ɾ,tikır,iɯ,-14.54245432215599,-13.212451852990958,-13.233651743758994,1.352332061924168,1.0240330562526363,1.3519743902412205,1.0228729978485829,4,tikır.mp3
214,ɟ i f ɯ ʃ,gifış,iɯ,-22.1048454127982,-23.4979304882322,-23.110474694525763,1.1779963095818906,1.0083465331409436,1.177960316405389,1.0080648025533474,5,gifış.mp3
215,b i d͡ʒ ɯ z,bicız,iɯ,-18.017662927348493,-14.765156156833983,-14.806093842831208,1.2350324649864008,1.0156682860234614,1.2348988853670513,1.0150462915601737,6,bicız.mp3
216,d͡ʒ o ʒ a ʒ,cojaj,oa,-22.732617383645024,-22.66022685786692,-22.81587469719405,1.2757020818759344,1.001992869903803,1.275491702476653,1.002093919802276,1,cojaj.mp3
217,ʃ o ʒ a v,şojav,oa,-20.47724743734481,-22.61856961138616,-22.667019868719475,1.288367615858368,1.0061232207228026,1.2881315117422223,1.005964640548633,2,şojav.mp3
218,k o ɾ a n,koran,oa,-14.411209921897514,-12.294347060400495,-12.318134780608212,1.5780166675354677,1.0788840359427352,1.5772563021989838,1.0746155597877969,3,koran.mp3
219,t͡ʃ o ɫ a ʒ,çolaj,oa,-19.424282256875884,-18.005456232553836,-18.13605719361724,1.37194225034822,1.027293545810697,1.3715644260384483,1.0260195746102412,4,çolaj.mp3
220,b o v a n,bovan,oa,-16.83581550168471,-13.814124853759685,-13.841845975944103,1.4255332248977568,1.0453074842543126,1.4250378444168188,1.042851145035386,5,bovan.mp3
221,ɫ o t͡ʃ a v,loçav,oa,-17.38102037177355,-22.221171339417307,-22.17471603733289,1.2912051431600686,1.0104683496161708,1.2909639988175745,1.010075153889148,6,loçav.mp3
222,ɫ o t a ɫ,lotal,oa,-14.65850607845412,-17.671672662841534,-17.682535023707715,1.3973781624522024,1.0300127259382086,1.3969353956490551,1.0284804983759424,1,lotal.mp3
223,b o ʒ a n,bojan,oa,-18.87907738678704,-15.653898437212243,-15.751763646111796,1.3952268910920227,1.034064398232142,1.3947842803728532,1.0322259545780297,2,bojan.mp3
224,b o ʒ a ʒ,bojaj,oa,-22.204003844457397,-19.321037408784147,-19.52975317079178,1.3229086648122703,1.008762800579713,1.3226166484342836,1.0085081234147557,3,bojaj.mp3
225,ʃ o ʃ e ʒ,şoşej,oe,-20.72090935766442,-22.109244486171928,-22.17599288318765,1.2201293152835069,1.0053494657208828,1.2200223876473202,1.005275324117079,4,şoşej.mp3
226,b o ʒ e l,bojel,oe,-21.23324816820471,-18.060919487768725,-18.18287930587832,1.2463498551349634,1.008803329884933,1.2461951178538924,1.008547391347145,5,bojel.mp3
227,ɫ o c e j,lokey,oe,-19.459937199364497,-inf,-26.8066540964721,1.2048232326919666,1.0060903952169935,1.2047363825587754,1.0059482882890152,6,lokey.mp3
228,k o ɾ e n,koren,oe,-14.885879129991546,-12.897900518277458,-12.921968836319405,1.4935674111675834,1.051458107409831,1.492960755870561,1.0487970966537057,1,koren.mp3
229,ɫ o h e s,lohes,oe,-16.45817250086749,-21.317120361286086,-21.272071082039435,1.2426762924026875,1.009570595243294,1.24252019486607,1.0092260466145833,2,lohes.mp3
230,ɫ o c e c,lokek,oe,-22.400319377835324,-inf,-30.01158029879595,1.185129721117138,1.0027646697523702,1.185083880443854,1.0028307383165231,3,lokek.mp3
231,d͡ʒ o c e c,cokek,oe,-23.67398203471596,-inf,-30.529401402579964,1.1916801758594504,1.0012482052809664,1.1916230071191674,1.0013939567073278,4,cokek.mp3
232,b o ʒ e n,bojen,oe,-19.35374659488108,-15.678950482149968,-15.781459798642668,1.3107776347241384,1.0214541287111476,1.3104887340444304,1.020406306928782,5,bojen.mp3
233,g o ɟ e ʒ,gogej,oe,-24.70734295733524,-inf,-24.892441184593736,1.206949659858697,1.0013992346140868,1.2068658496110196,1.0015409476057728,6,gogej.mp3
234,ɫ o c i v,lokiv,oi,-20.32154509757039,-inf,-28.65533025674837,1.203566924559405,1.003612403694333,1.203484498665397,1.0036254079173543,1,lokiv.mp3
235,b o ʒ i l,bojil,oi,-21.431083494530565,-17.705568653800018,-17.83640175391364,1.2532448349058904,1.0092351210095205,1.2530775477498026,1.0089534298645335,2,bojil.mp3
236,g o ɟ i ʒ,gogij,oi,-24.90517828366109,-25.463316038560684,-25.0238451006757,1.213844639629624,1.001203603704403,1.21374827950693,1.001357562313273,3,gogij.mp3
237,b o ʒ i n,bojin,oi,-19.551581921206928,-15.34865531235195,-15.46250667001904,1.3176726144950657,1.0201904519518092,1.3173711639403407,1.019223006244508,4,bojin.mp3
238,k o ɾ i n,korin,oi,-15.0837144563174,-13.072652771256037,-13.096986467913933,1.5004623909385104,1.0494536476998977,1.4998431857664714,1.046913855195189,5,korin.mp3
239,ɫ o t i v,lotiv,oi,-16.623572496331185,-21.45944618243926,-21.45667533842388,1.270720527524629,1.0235566532375455,1.2705211729498675,1.0224757433127067,6,lotiv.mp3
240,ɫ o c i c,lokik,oi,-22.59815470416117,-inf,-30.38087562282667,1.192024700888065,1.0024386182362308,1.1919663103397642,1.002525096162357,1,lokik.mp3
241,d͡ʒ o c i c,cokik,oi,-23.871817361041813,-inf,-30.898696726610687,1.1985751556303774,1.000922153764827,1.1985054370150776,1.0010883145531615,2,cokik.mp3
242,z o ɟ i t,zogit,oi,-20.9589136182378,-22.968824668964604,-22.49812583794652,1.2408518651515077,1.0084540930642174,1.2406922707790116,1.0081503933184568,3,zogit.mp3
243,d͡ʒ o ʒ o h,cojoh,oo,-22.097218579005997,-25.099219589381008,-24.904916978881896,1.11821597789651,1.0007051178379167,1.118289134009679,1.0008859248512416,4,cojoh.mp3
244,b o p o p,bopop,oo,-19.25272795784617,-15.57498426327942,-15.61426036762116,1.1967740047349058,1.013486997864271,1.1967095549773488,1.0129840432080757,5,bopop.mp3
245,k o ɾ o n,koron,oo,-16.15929758860058,-13.868409821172923,-13.895071028995217,1.4086622883685636,1.0325528233779742,1.408210172854805,1.030997388207983,6,koron.mp3
246,b o ʒ o j,bojoy,oo,-21.245057054178083,-20.13244875835492,-20.04643182291501,1.1725304838846882,1.0075402588170546,1.1725072015915694,1.0073612568945542,1,bojoy.mp3
247,b o p o ʒ,bopoj,oo,-21.602409734503315,-17.33475181640033,-17.45672173398626,1.180862690747296,1.012965315438448,1.1808313744606571,1.01249501576141,2,bopoj.mp3
248,ɫ o t o s,lotos,oo,-16.650452551067872,-19.86130929042026,-19.87178226056184,1.1968532583423572,1.0076982350654493,1.1967836503746367,1.0074960391662156,3,lotos.mp3
249,ɫ o h o h,lohoh,oo,-18.44006945078326,-24.54133724676997,-24.433813499665337,1.140881701067639,1.0026601201755148,1.140915313678908,1.0027379316413156,4,lohoh.mp3
250,g o ʒ o ʒ,gojoj,oo,-24.62938331993061,-21.44182559607237,-21.448545619983207,1.1224260916219797,1.0013340243108588,1.1224961567900622,1.0014798191749397,5,gojoj.mp3
251,d͡ʒ o ʒ o ʒ,cojoj,oo,-24.48070505034809,-23.65144193577017,-23.604853465371203,1.1063477027090305,1.0009007487476005,1.1064455731324747,1.0010693101437411,6,cojoj.mp3
252,n o t u s,notus,ou,-16.47465512035086,-19.735328187133018,-19.743774110963223,1.2269920276179962,1.0080817305580838,1.226868358906597,1.0078462760915818,1,notus.mp3
253,b o ʒ u ɾ,bojur,ou,-20.188385139391087,-16.322503633728758,-16.394241238881506,1.250175714529859,1.0147786024753525,1.249996348711549,1.0141465127170373,2,bojur.mp3
254,d͡ʒ o ʒ u ʒ,cojuj,ou,-24.29401030874191,-24.243601785484508,-24.17251025107207,1.127716441668515,1.0007051178379167,1.127775417851205,1.0008859248512416,3,cojuj.mp3
255,k o k u ɾ,kokur,ou,-15.81589881907191,-14.164787591245988,-14.189177293546392,1.3561640083612907,1.0309577781402457,1.3558006156133138,1.029465068337247,4,kokur.mp3
256,b o ʒ u z,bojuz,ou,-21.370274141785384,-17.449334712896025,-17.52465638865124,1.1916820725344242,1.009300937004208,1.1916245129596132,1.0090117245270502,5,bojuz.mp3
257,d͡ʒ o t͡ʃ u ʒ,coçuj,ou,-22.25933783885341,-25.407920618685885,-25.226670777169343,1.1389450473591287,1.001545014340632,1.1389844721552644,1.0016802565901464,6,coçuj.mp3
258,g o ʒ u ʒ,gojuj,ou,-24.442688578324432,-22.033985445786712,-22.01620240568408,1.1437948305814645,1.001138393401175,1.1438260015087924,1.0012964338824402,1,gojuj.mp3
259,ɫ o h u v,lohuv,ou,-18.593599295416848,-24.06238500170176,-23.99927255278523,1.1612070751754773,1.0043702249837334,1.1612039662326097,1.004350345813558,2,lohuv.mp3
260,j o b u ʒ,yobuj,ou,-21.05836231257191,-20.278068086553,-20.20804314631168,1.1710790683578258,1.0066664843883977,1.171062773355354,1.006528208768726,3,yobuj.mp3
261,ɫ o c y c,lokük,oy,-23.77472516728996,-inf,-29.95538503380819,1.101649180915417,1.0021777770233191,1.1017552870760137,1.0022805824390244,4,lokük.mp3
262,ɫ o c y j,loküy,oy,-20.83434298881913,-inf,-27.6512910295423,1.1213426924902457,1.002308197629775,1.121407789190935,1.0024028393006907,5,loküy.mp3
263,b o ʒ y z,bojüz,oy,-21.657956214237167,-17.8013111360532,-17.796202222359895,1.1717379161722383,1.0080619412428775,1.1717166578887983,1.0078502843412198,6,bojüz.mp3
264,k o m y ɾ,komür,oy,-16.353424337993484,-13.883195970862252,-13.910528361180043,1.3227564267292913,1.0242905957012058,1.3224527779546218,1.0231863397295329,1,komür.mp3
265,b o z y z,bozüz,oy,-19.26283358646827,-16.006298136958325,-16.038972563588715,1.2096753412240209,1.011931948070003,1.2095880258287266,1.0115128583515274,2,bozüz.mp3
266,p o c y z,poküz,oy,-22.132396809934985,-inf,-22.792875288841223,1.1404551220852177,1.0044867211475823,1.1404879493119304,1.0044629596393846,3,poküz.mp3
267,g o ɟ y ʒ,gogüj,oy,-26.08174874678988,-24.756749204677632,-24.261882275036,1.1234691196569762,1.0013257973115228,1.1235372562431791,1.001472532342125,4,gogüj.mp3
268,ɫ o t y j,lotüy,oy,-17.13637038757993,-21.847842286805907,-21.838930472337697,1.1884962954554696,1.0069809217299424,1.1884444634754057,1.0068236264270505,5,lotüy.mp3
269,d͡ʒ o c y c,cokük,oy,-25.0483878241706,-inf,-30.473206137592207,1.1081996356577295,1.0006613125519153,1.108294413751327,1.000843800829829,6,cokük.mp3
270,b o ɟ ø z,bogöz,oø,-24.21803206430541,-inf,-19.98603714014059,1.1508993555127225,1.0076706794235104,1.1509159963499356,1.0074835137562206,1,bogöz.mp3
271,j o c ø f,yoköf,oø,-23.34087968343175,-inf,-24.211050554951704,1.1207079699595697,1.0033803356801,1.1207782546784186,1.003419297076754,2,yoköf.mp3
272,d͡ʒ o c ø c,cokök,oø,-26.257085578225187,-inf,-31.59753487885821,1.087742629560516,1.0005961022486871,1.0878746424072625,1.000782672398996,3,cokök.mp3
273,g o ɟ ø ʒ,gogöj,oø,-27.290446500844467,-inf,-25.568532573095965,1.1030121135597626,1.001138393401175,1.1031174848991148,1.0012964338824402,4,gogöj.mp3
274,ɫ o c ø c,lokök,oø,-24.98342292134455,-inf,-31.0797137750742,1.0811921748182034,1.0021125667200912,1.081335515731949,1.0022194540081912,5,lokök.mp3
275,ɫ o v ø c,lovök,oø,-22.706813314753763,-inf,-29.908765850171065,1.1103538449370305,1.0030937070231545,1.1104464091915205,1.0031487260784029,6,lovök.mp3
276,b o ʒ ø z,bojöz,oø,-22.86665396829175,-18.017128955938706,-17.902257196862156,1.1512809100750248,1.0076706794235104,1.1512968865447335,1.0074835137562206,1,bojöz.mp3
277,ɫ o m ø s,lomös,oø,-18.19297547659577,-23.7185910215694,-23.576018053983702,1.1580890131919466,1.006369125718587,1.1580884043189272,1.0062507303895665,2,lomös.mp3
278,k o n ø ɾ,konör,oø,-17.468982673500772,-15.665847293331234,-15.67041392566706,1.3263918658517442,1.0230245152622903,1.3260835017678103,1.0220198569868446,3,konör.mp3
279,d͡ʒ o h ɯ ʒ,cohıj,oɯ,-21.695656866924992,-inf,-27.095777081000016,1.1667337478513735,1.001314605615787,1.1667240129734051,1.0014626748261763,4,cohıj.mp3
280,b o j ɯ ʒ,boyıj,oɯ,-20.84349534209708,-inf,-21.13094063982574,1.2260955689867723,1.015232344142505,1.2259830322796048,1.0146378960431903,5,boyıj.mp3
281,g o d͡ʒ ɯ z,gocız,oɯ,-19.770537868401828,-17.17904521923025,-17.19916861874007,1.1826737683633608,1.0041826517558374,1.1826307514407104,1.004164363663955,6,gocız.mp3
282,d͡ʒ o ʒ ɯ ʒ,cojıj,oɯ,-24.079143338267087,-inf,-28.009801950877545,1.137517569937932,1.0007051178379167,1.1375587066288628,1.0008859248512416,1,cojıj.mp3
283,b o p ɯ z,bopız,oɯ,-18.80572539465341,-15.575160863623148,-15.6123249065678,1.2287916059057706,1.014936867151038,1.228668657107823,1.014349109888668,2,bopız.mp3
284,k o ɫ ɯ ɾ,kolır,oɯ,-15.746838565630412,-13.10667453460241,-13.133460503117467,1.3892399649311546,1.0364363220655193,1.3888182062736574,1.0346301929585895,3,kolır.mp3
285,ɫ o m ɯ t,lomıt,oɯ,-16.10906876251265,-20.463295386477544,-20.459024896790748,1.226354557914894,1.0089687051569078,1.2262249588685283,1.008691414558396,4,lomıt.mp3
286,b o ʒ ɯ ʒ,bojıj,oɯ,-23.550529799079456,-inf,-24.723680424475265,1.1847241528742682,1.0074750485138266,1.1846836525864934,1.007300128463721,5,bojıj.mp3
287,ɫ o h ɯ v,lohıv,oɯ,-18.378732324942018,-24.94666990743737,-24.8696524175722,1.1710082034448943,1.002896280390419,1.1709872550102671,1.0029605848662049,6,lohıv.mp3
288,n u ʒ a v,nujav,ua,-19.23989541094505,-24.070092646118187,-23.96757799454814,1.2890173650126455,1.0063398585044316,1.2887801370464675,1.0061698950642324,1,nujav.mp3
289,g u h a n,guhan,ua,-16.986187982608918,-14.003209503389854,-14.037361297492396,1.393585672209114,1.041008945259303,1.3931455531370758,1.0387823974648764,2,guhan.mp3
290,f u ʒ a ʒ,fujaj,ua,-22.57009892571624,-23.08487872668105,-23.10480964214021,1.283281237699766,1.0022636671308394,1.283057751040734,1.002350487946775,3,fujaj.mp3
291,b u ʒ a ʒ,bujaj,ua,-22.01730910285121,-20.97270040380033,-21.003650352513297,1.323179462039307,1.0084920033526763,1.3228869771540068,1.0082515552702562,4,bujaj.mp3
292,m u ɾ a n,muran,ua,-14.474358626761134,-11.950302324157594,-11.974383816242137,1.564482787413002,1.082042701236725,1.563745826768253,1.077607380125139,5,muran.mp3
293,n u g a v,nugav,ua,-17.32641256884868,-22.17862386284786,-22.142492609172585,1.295558300366401,1.0097861339305134,1.2953096832430069,1.0094276480806197,6,nugav.mp3
294,t͡ʃ u ɫ a ʒ,çulaj,ua,-19.237587515269706,-18.130207686087324,-18.26240532798674,1.3722130475752563,1.0249011247841782,1.3718347547581715,1.0237533348136263,1,çulaj.mp3
295,b u h a ʒ,buhaj,ua,-19.63382263150912,-16.589829009805186,-16.73205715679298,1.3523956399527486,1.021610727156267,1.3520522834985491,1.0206577518516846,2,buhaj.mp3
296,n u t a s,nutas,ua,-14.726567453647792,-18.01636316759076,-18.02466558703151,1.375248465052452,1.0268849669602398,1.3748549722517678,1.0255614198293237,3,nutas.mp3
297,g u ɟ e ʒ,gugej,ue,-24.520648215729064,-inf,-25.12589588220793,1.2072204570857334,1.0015072051556937,1.2071361783307428,1.0016432622663496,4,gugej.mp3
298,n u c e j,nukey,ue,-19.284139768647485,-inf,-27.03061959151581,1.2138640602351571,1.0046822496364043,1.213761575091728,1.0046141339376191,5,nukey.mp3
299,f u c e c,fukek,ue,-23.511463576787172,-inf,-29.336731806601904,1.199259331683282,1.0015190025080027,1.1991890556832483,1.0016505248518268,6,fukek.mp3
300,m u ɾ e ɾ,murer,ue,-14.696942662362323,-12.765770122828249,-12.78886990036498,1.4829679946903738,1.0554645066457835,1.482378633403974,1.052583586591879,1,murer.mp3
301,n u l e ɾ,nuler,ue,-16.7353899896315,-21.8754485295826,-21.502576488019884,1.2814781732006866,1.0164999980354623,1.2812387575669788,1.0157043429334207,2,nuler.mp3
302,b u z e ʒ,buzej,ue,-20.09685568317635,-17.84329781622566,-17.964161616964663,1.276667630723205,1.0139315296225708,1.2764627987655124,1.0134023197983453,3,buzej.mp3
303,b u m e l,bumel,ue,-17.814766387475487,-15.347656861812922,-15.39559611789573,1.295187097363635,1.01977328294233,1.2949473270829202,1.0189224624213549,4,bumel.mp3
304,h u h e c,huhek,ue,-20.54912774061602,-21.77039857112499,-21.665991317549235,1.2458994903446368,1.009202924406593,1.2457482240849875,1.0089254532786238,5,huhek.mp3
305,n u c e c,nukek,ue,-22.224521947118312,-inf,-30.235545793839652,1.1941705486603285,1.001356524171781,1.1941090729768065,1.0014965839651273,6,nukek.mp3
306,b u z i z,buziz,ui,-17.899568381733303,-15.168587722623604,-15.20544673192982,1.300321658423705,1.018878679977096,1.3000693778122003,1.0180436274771694,1,buziz.mp3
307,n u c i v,nukiv,ui,-20.14574766685337,-inf,-28.879295751792085,1.2126077521025955,1.0022042581137438,1.2125096911983495,1.0022912535659585,2,nukiv.mp3
308,n u t i v,nutiv,ui,-16.447775065614174,-21.189892153387195,-21.18420394715369,1.2797613550678195,1.0249284051823029,1.27954636548282,1.0237745264935774,3,nutiv.mp3
309,f u c i c,fukik,ui,-23.709298903113027,-inf,-29.70602713063263,1.206154311454209,1.0011929509918631,1.2060714855791586,1.0013448826976608,4,fukik.mp3
310,p u h i c,puhik,ui,-20.780767761626823,-22.05420867071373,-21.930091078441407,1.2416965922463563,1.01241266159024,1.2415519682913172,1.0119605181707314,5,puhik.mp3
311,b u ʒ i z,bujiz,ui,-20.2946910095022,-18.014965986359083,-17.95706711599841,1.2623842333719226,1.0123552595503351,1.262198009872272,1.01187554012336,6,bujiz.mp3
312,n u c i c,nukik,ui,-22.422357273444163,-inf,-30.604841117870382,1.2010655284312557,1.0010304726556416,1.2009915028727167,1.0011909418109612,1,nukik.mp3
313,k u ɾ i n,kurin,ui,-14.89701971471122,-12.94195303395921,-12.96493491685879,1.5007331881655468,1.0493627462694506,1.5001135144861943,1.0468268577985411,2,kurin.mp3
314,g u ʒ i ʒ,gujij,ui,-23.367105446041258,-22.71019322061325,-22.662694231245467,1.214496991418963,1.0018219484717603,1.2143994984214512,1.001942235984122,3,gujij.mp3
315,b u p o n,bupon,uo,-18.090788535226785,-14.871571711459897,-14.898543975468526,1.2534517142540844,1.0146087672669268,1.2532693351189497,1.014002641902062,4,bupon.mp3
316,b u ʒ o ʒ,bujoj,uo,-23.76539676955428,-21.96391548170358,-21.79262912069044,1.1538250828724028,1.007399882196474,1.1538408478098283,1.007226945611721,5,bujoj.mp3
317,n u ʒ o h,nujoh,uo,-20.647758491408347,-26.42840069407047,-26.092665911065804,1.120706350697388,1.0008134367287314,1.120775199867318,1.0009885521090411,6,nujoh.mp3
318,f u ʒ o ʒ,fujoj,uo,-24.318186592419305,-24.076093804584303,-23.89378841031736,1.113926858532862,1.0011715459746369,1.1140116216965557,1.0013258782882402,1,fujoj.mp3
319,n u d͡ʒ o h,nucoh,uo,-18.585597379729464,-24.726458930397825,-24.61717125138857,1.1330251122802943,1.001474956791939,1.1330725118708005,1.001614712938203,2,nucoh.mp3
320,f u m o ʒ,fumoj,uo,-21.086399553296257,-19.904477032559072,-20.00660012235896,1.162493303534497,1.0069418990854422,1.16249350220586,1.006788724097161,3,fumoj.mp3
321,k u k o n,kukon,uo,-16.067983991564752,-13.63563902211114,-13.66252219216208,1.3321316029835863,1.022135193672589,1.331812746650162,1.0211308803551549,4,kukon.mp3
322,n u n o m,nunom,uo,-16.474531465957043,-19.71804282237854,-19.721411008345388,1.219775413725993,1.0062472053556415,1.2196627522111714,1.0061235827754649,5,nunom.mp3
323,b u j o ʒ,buyoj,uo,-21.05836231257191,-17.548890057056813,-17.6640692648367,1.1951964989849069,1.009795703059727,1.19514022750294,1.0094933961448156,6,buyoj.mp3
324,m u ɾ u ɾ,murur,uu,-15.78366637936518,-13.562188301724916,-13.588096170629813,1.419431610850839,1.0416730830399104,1.418957895106949,1.0396065469972535,1,murur.mp3
325,b u ʒ u z,bujuz,uu,-21.183579400179205,-19.10099770791221,-18.99855357037276,1.1919528697614603,1.0090301397771717,1.191894841679337,1.008755156382551,2,bujuz.mp3
326,b u j u ʒ,buyuj,uu,-20.87166757096573,-19.733680700888875,-19.66849976541773,1.2165652379443916,1.0105687883162064,1.21647007222167,1.0102253180186327,3,buyuj.mp3
327,n u n u ɫ,nunul,uu,-16.1837999949144,-19.621241364005783,-19.623919938160853,1.262793973357144,1.0096134601254851,1.262597334354253,1.0092804006803462,4,nunul.mp3
328,b u m u z,bumuz,uu,-17.951792361056157,-14.843063280742722,-14.878017560925908,1.2405193147630955,1.017535691474791,1.240376722188641,1.016802398896366,5,bumuz.mp3
329,f u ʒ u ʒ,fujuj,uu,-24.131491850813127,-24.668253654298645,-24.46144519601823,1.1352955974923469,1.000975915064953,1.135341466415286,1.0011424929957409,6,fujuj.mp3
330,n u ʒ u v,nujuv,uu,-20.80128833604193,-25.0331577171281,-24.8916465105402,1.1410317248052262,1.0012699088513268,1.1410638524210197,1.001416451124873,1,nujuv.mp3
331,n u g u v,nuguv,uu,-18.88780549394557,-23.829955675252805,-23.77692043460571,1.1475726601589815,1.002664785337298,1.147593398617559,1.0027359066125898,2,nuguv.mp3
332,b u ʒ u ʒ,bujuj,uu,-23.578702027948104,-22.55607533141792,-22.360285906391308,1.1751938218318876,1.0072042512867905,1.175170692528559,1.0070435603192218,3,bujuj.mp3
333,n u c y c,nukük,uy,-23.59892773657295,-inf,-30.1793505288519,1.1106900084586075,1.00076963144273,1.1107804796089662,1.0009464280876286,4,nukük.mp3
334,k u m y ɾ,kumür,uy,-16.166729596387306,-13.479655579943335,-13.508482331190027,1.3230272239563277,1.022128398075403,1.3227231066743448,1.021137545740216,5,kumür.mp3
335,b u m y ʒ,bumüj,uy,-20.634597061276835,-17.453026450842174,-17.43947379466699,1.203816110471337,1.013503908131295,1.2037447179670484,1.0130055541759393,6,bumüj.mp3
336,n u t y j,nutüy,uy,-16.96057295686292,-21.57828825775384,-21.566459081067517,1.1975371229986602,1.0083526736746993,1.1974696560083582,1.008122409607921,1,nutüy.mp3
337,ʃ u ɟ y ɾ,şugür,uy,-21.957256044240108,-22.499173241968023,-21.920606300134068,1.1847548415426716,1.0053463860468044,1.1846904267614222,1.0052425528526925,2,şugür.mp3
338,b u ɟ y ʒ,bugüj,uy,-25.21776219641355,-24.02607612181347,-23.4120433072708,1.1548681109073993,1.0073371474025232,1.1548819472629457,1.007168032552784,3,bugüj.mp3
339,n u c y j,nuküy,uy,-20.658545558102126,-inf,-27.875256524586018,1.1303835200334362,1.0009000520491858,1.1304329817238876,1.001068684949295,4,nuküy.mp3
340,f u c y c,fukük,uy,-24.885869366241813,-inf,-29.280536541614147,1.1157787914815611,1.0009321097789516,1.115860462315408,1.001100368974328,5,fukük.mp3
341,g u m y z,gumüz,uy,-18.91676624227809,-15.093972479028997,-15.137149639038482,1.1894469643775232,1.0080570007044969,1.189394504817783,1.0078402676416895,6,gumüz.mp3
342,b u t͡ʃ ø z,buçöz,uø,-20.64528675679707,-16.726730678422822,-16.76182039023128,1.1627803129926748,1.0077814367587763,1.1627762695685162,1.0075883291945815,1,buçöz.mp3
343,n u v ø h,nuvöh,uø,-19.914181691206203,-inf,-27.03470635875693,1.1319802610032077,1.0023941627725557,1.1320309822151344,1.0024857126666045,2,nuvöh.mp3
344,n u c ø c,nukök,uø,-24.807625490627537,-inf,-31.30367927011791,1.090233002361394,1.000704421139502,1.0903607082649016,1.0008852996567954,3,nukök.mp3
345,b u ɟ ø ʒ,bugöj,uø,-26.42645995046814,-inf,-24.718693605330763,1.1344111048101857,1.0071497434921757,1.134462175918881,1.006991934093099,4,bugöj.mp3
346,ʃ u ʒ ø ʃ,şujöş,uø,-23.117318159567468,-24.06655854277991,-23.71059866549188,1.1089897910511255,1.0013008717373968,1.1090779138037352,1.0014503747691397,5,şujöş.mp3
347,n u m ø s,numös,uø,-18.01717804587876,-23.27455596823804,-23.130003427749006,1.1671298407351371,1.005615073673373,1.1671135968518798,1.005536090751645,6,numös.mp3
348,m u ɟ ø z,mugöz,uø,-23.390324934442702,-inf,-20.024930764116053,1.1813238989502393,1.0153068128767293,1.1812879247237875,1.0147184228338744,1,mugöz.mp3
349,k u t ø ɾ,kutör,uø,-17.142589509814194,-15.653402142063069,-15.691176305475931,1.32230203950961,1.018129501377924,1.3220007996898406,1.0173831055756966,2,kutör.mp3
350,f u c ø c,fukök,uø,-26.0945671202964,-inf,-30.40486528288016,1.0953217853843475,1.0008668994757235,1.0954406909713434,1.001039240543495,3,fukök.mp3
351,k u ɾ ɯ ɾ,kurır,uɯ,-15.318955962420556,-13.370493909747877,-13.394216805421626,1.4430374164697577,1.0417068954004978,1.4425219880350606,1.0396145126083167,4,kurır.mp3
352,n u m ɯ s,numıs,uɯ,-16.305931248897558,-20.66468488363234,-20.66177310337561,1.2173321314639536,1.0077581809890988,1.2172245120444172,1.0075488759046425,5,numıs.mp3
353,b u j ɯ ʒ,buyıj,uɯ,-20.656800600490904,-inf,-21.416780472527225,1.226366366213809,1.012563203952425,1.226253360999328,1.0121097739492848,6,buyıj.mp3
354,g u d͡ʒ ɯ z,gucız,uɯ,-19.58384312679565,-16.662080926911877,-16.69599102385458,1.1829445655903972,1.004072591118986,1.1829010801604336,1.0040601734200405,1,gucız.mp3
355,n u ʒ ɯ h,nujıh,uɯ,-20.24619677932734,-27.8107916591632,-27.023579690957725,1.1518762179262898,1.0010090676384151,1.1518883333637062,1.0011719374015406,2,nujıh.mp3
356,n u ʒ ɯ ʒ,nujıj,uɯ,-22.62968325066944,-inf,-29.197550883061453,1.14000794273881,1.0008134367287314,1.140044772486502,1.0009885521090411,3,nujıj.mp3
357,g u g ɯ ʒ,gugıj,uɯ,-22.12764402414707,-inf,-23.62799403133488,1.1604076914316734,1.002296865096124,1.1604091652027129,1.0023929390707258,4,gugıj.mp3
358,b u ʃ ɯ z,buşız,uɯ,-18.694443256827626,-15.374699720473922,-15.412193074961616,1.228789864159734,1.0123098572091858,1.2286669214026904,1.0118615371614068,5,buşız.mp3
359,f u ʒ ɯ ʒ,fujıj,uɯ,-23.9166248803383,-inf,-28.2987368958237,1.1450967257617637,1.000975915064953,1.1451247551929438,1.0011424929957409,6,fujıj.mp3
360,ɟ y ʒ a ʒ,güjaj,ya,-26.24714392218317,-27.701633339060944,-27.35192869335266,1.264390404377066,1.0013967676551154,1.2641995821532814,1.0015291572871547,1,güjaj.mp3
361,h y ʒ a ʒ,hüjaj,ya,-22.512279354827413,-22.102878518280345,-22.166868313437227,1.3079157400202015,1.0032923482443703,1.3076496470041246,1.0033251342986491,2,hüjaj.mp3
362,l y g a v,lügav,ya,-19.4935962146241,-inf,-27.80790591371226,1.2871157130376376,1.008373111461021,1.2868816916145254,1.0080891173681017,3,lügav.mp3
363,l y g a s,lügas,ya,-18.444893137077603,-inf,-26.06753815058364,1.3050485464253128,1.0127422017772911,1.3047771819509606,1.0121847222339244,4,lügas.mp3
364,m y ɾ a n,müran,ya,-14.762040699212914,-11.737473004903014,-11.76464541223868,1.5705486452986173,1.0909056910771144,1.5698011900900524,1.0860056224174448,5,müran.mp3
365,m y z a z,müzaz,ya,-16.873733531508663,-13.8813816786833,-13.92028821240666,1.414095539116758,1.046379285868822,1.4136394572206412,1.044078620549693,6,müzaz.mp3
366,n y n a j,nünay,ya,-15.538878453846433,-19.248648600763232,-19.252973283175265,1.375893401023051,1.025399913127838,1.3755021898241135,1.024174835275507,1,nünay.mp3
367,d͡ʒ y b a ʒ,cübaj,ya,-20.242830063624115,-19.67879062473088,-19.79752495934659,1.3058041354405645,1.0127232269111113,1.3055414123656015,1.01223747830455,2,cübaj.mp3
368,m y z a ʒ,müzaj,ya,-19.26885615927756,-16.145731724613096,-16.288993267502523,1.397336491187185,1.0416189337331847,1.3969153080698635,1.0396162450988709,3,müzaj.mp3
369,l y l e c,lülek,ye,-22.712932987058565,-inf,-32.3160745795191,1.197065582611408,1.0011971809784252,1.1969989614223264,1.0013454564534352,4,lülek.mp3
370,n y h e j,nühey,ye,-16.95498764826872,-21.846337471826367,-21.825147364977283,1.2480014323473068,1.0076847714838688,1.2478395741736754,1.007454833667864,5,nühey.mp3
371,l y l e j,lüley,ye,-19.77255080858773,-inf,-29.111148377195256,1.2167590941862367,1.0045229064430488,1.2166514635372478,1.0044630064259272,6,lüley.mp3
372,c y f e f,küfef,ye,-21.52781309974901,-inf,-22.664539480096867,1.2118743211486604,1.0071295794804112,1.2117773135384928,1.0069463406784327,1,küfef.mp3
373,m y ɾ e ɾ,mürer,ye,-14.984624734814105,-12.552940803573671,-12.57913149636152,1.489033852575989,1.064327496486173,1.4884339967257736,1.060981828884185,2,mürer.mp3
374,ɟ y ɟ e c,gügek,ye,-28.30653894777932,-inf,-32.95524219839198,1.1788422801113725,1.0007066108268936,1.1788073260166032,1.0008808204183293,3,gügek.mp3
375,ɟ y f e ʒ,güfej,ye,-24.68382830227571,-25.22823350958293,-24.924911824073703,1.197274626696634,1.005629742506169,1.197207333245688,1.0055403867692694,4,güfej.mp3
376,m y d͡ʒ e ʒ,mücej,ye,-20.07648688346161,-17.21604267519214,-17.334930621591795,1.2872685713504248,1.0318759131224775,1.2870457058049949,1.030408550612966,5,mücej.mp3
377,m y z e l,müzel,ye,-18.29810048302488,-15.36637665199515,-15.417853706543786,1.320777681509878,1.0382974481087792,1.3204937774894725,1.0364788587481613,6,müzel.mp3
378,ɟ y ɟ i c,gügik,yi,-28.504374274105167,-34.0614415135249,-32.63139034186276,1.1857372598822993,1.0003805593107542,1.1856897559125137,1.0005751782641632,1,gügik.mp3
379,l y l i c,lülik,yi,-22.910768313384416,-inf,-32.397687831098054,1.203960562382335,1.0008711294622858,1.203881391318237,1.0010398142992691,2,lülik.mp3
380,ɟ y ʒ i l,güjil,yi,-25.474223572256346,-26.08616458407681,-25.658577276474528,1.194726574470686,1.001869088084923,1.1946604814688004,1.001974463736933,3,güjil.mp3
381,t͡ʃ y f i c,çüfik,yi,-21.728960784187848,-22.716786973512093,-22.5853234924357,1.2320360956439638,1.006182387818063,1.2319083144749632,1.006063337860201,4,çüfik.mp3
382,l y l i v,lüliv,yi,-20.63415870679363,-inf,-30.672142465019757,1.2155027860536751,1.002044914920388,1.2153995796438697,1.0021401260542664,5,lüliv.mp3
383,m y ʒ i l,müjil,yi,-20.891058437119632,-18.275024894086325,-18.26894174408407,1.2897352362290226,1.0287321730069334,1.2895048394454542,1.0274260236712516,6,müjil.mp3
384,m y d͡ʒ i z,müciz,yi,-17.879199582018565,-14.393898283796569,-14.429259306354858,1.3109225990509248,1.0375068631237063,1.3106522848516828,1.0356959574680136,1,müciz.mp3
385,n y n i v,nüniv,yi,-16.875155560146357,-21.870278494630696,-21.860137136995288,1.2901878365226052,1.015590305177985,1.2899547596023124,1.014953753172737,2,nüniv.mp3
386,m y ɾ i ɾ,mürir,yi,-15.182460061139956,-12.93841945288009,-12.964678761998291,1.495928832346916,1.0626490882923791,1.4953164266216838,1.0594042295798347,3,mürir.mp3
387,m y ɾ o n,müron,yo,-16.510128365915982,-13.311535765675442,-13.341581660625684,1.4011942661317132,1.0445744785123534,1.400755060745874,1.0423874508376312,4,müron.mp3
388,n y g o h,nügoh,yo,-19.02195772176377,-27.137278020652435,-26.40468135777936,1.1333131439367587,1.0020494295650315,1.133360109385657,1.002157274256292,5,nügoh.mp3
389,n y n o s,nünos,yo,-16.90203561488304,-20.70390771506508,-20.701328454444155,1.2163205673403334,1.00936206536363,1.2162172370270818,1.0090732790913943,6,nünos.mp3
390,l y g o v,lügov,yo,-21.24168388132717,-inf,-29.53360238566332,1.1177613338707335,1.0014227127794817,1.117835562270347,1.0015589006941277,1,lügov.mp3
391,h y ʒ o ʒ,hüjoj,yo,-24.26036702153048,-23.09409359618359,-22.95584708161437,1.1385613608532974,1.0022002270881678,1.1386035176599465,1.0023005246401142,2,hüjoj.mp3
392,m y k o ʒ,mükoj,yo,-19.93043596815668,-16.300780365266558,-16.417412400213216,1.2520745572399474,1.0326605479495878,1.2519196738829383,1.031153503453037,3,mükoj.mp3
393,ɟ y ʒ o ʒ,güjoj,yo,-27.99523158888624,-28.69284841696419,-28.14090746152981,1.095036025210162,1.000304646498913,1.095153452809103,1.0005045476286198,4,güjoj.mp3
394,ɟ y d o n,güdon,yo,-21.99388355485576,-22.03212407724396,-21.63078709189149,1.1962433826356678,1.0079719201002924,1.196159913782388,1.0077160801194214,5,güdon.mp3
395,m y p o ʒ,müpoj,yo,-21.062384677092385,-17.12481314942236,-17.238674158015545,1.217353092070428,1.030554594624349,1.2172586661563085,1.0291606916538274,6,müpoj.mp3
396,m y ʒ u z,müjuz,yu,-20.83024908437445,-18.01879095318233,-17.957196378821674,1.2281724738575563,1.028797989001621,1.228051804655265,1.027484318333768,1,müjuz.mp3
397,m y d͡ʒ u z,mücuz,yu,-18.768087972695568,-15.447888818271592,-15.47911401039972,1.2404912354404627,1.0319024111948645,1.2403491166587477,1.0304219098064595,2,mücuz.mp3
398,n y n u s,nünus,yu,-16.715340873276865,-20.662916646783795,-20.65939254816965,1.2376893062998182,1.0108372213398642,1.237547081745812,1.0104573725021138,3,nünus.mp3
399,l y g u j,lüguy,yu,-20.39121656784095,-inf,-28.45058894678722,1.147281360733707,1.0011865525645776,1.147299720778366,1.0013362474692384,4,lüguy.mp3
400,p y ʒ u ʃ,püjuş,yu,-21.83320780173249,-21.6575563373154,-21.57229848271923,1.1683953129119478,1.0032800290443638,1.1683770297833889,1.0033013050815458,5,püjuş.mp3
401,m y k u ɾ,mükur,yu,-16.16672959638731,-13.647288442981042,-13.67480354663754,1.3486959861244403,1.040908137079269,1.348345503504382,1.0388933343742264,6,mükur.mp3
402,l y g u v,lüguv,yu,-21.054989139720988,-inf,-29.442333739145383,1.1391300728302185,1.0012517628678057,1.139165406989077,1.0013973759000716,1,lüguv.mp3
403,b y ʒ u ʒ,büjuj,yu,-23.866384100399888,-23.067365963329937,-22.908307977729837,1.1812596797175028,1.0029253067504076,1.1812260558503582,1.0029894710389118,2,büjuj.mp3
404,ɟ y ʒ u ʒ,güjuj,yu,-27.80853684728006,-29.28500826667853,-28.70856424723068,1.1164047641696466,1.0001090155892292,1.1164832975278336,1.0003211623361203,3,güjuj.mp3
405,n y n y j,nünüy,yy,-17.387953451395102,-22.84121056217028,-22.81293712937672,1.207963604453446,1.0079609523814197,1.2078780501278503,1.0077547671760057,4,nünüy.mp3
406,l y l y j,lülüy,yy,-21.14695659804238,-inf,-31.05439759893357,1.1332785539845158,1.00074070885583,1.1333228701694076,1.0009175574376028,5,lülüy.mp3
407,l y l y c,lülük,yy,-24.087338776513203,-inf,-33.35849160319946,1.1135850424096871,1.000610288249374,1.1136703680544862,1.0007953005759365,6,lülük.mp3
408,b y ɟ y ʒ,bügüj,yy,-25.50544426886533,-25.45365748559964,-24.547852043511448,1.1609339687930145,1.0030582028661408,1.1609373105847451,1.0031139432724736,1,bügüj.mp3
409,m y ɟ y z,mügüz,yy,-22.469309252839896,-20.420586661988004,-19.572854959613927,1.207846762933068,1.027561468749568,1.2077630593896518,1.0263250935198331,2,mügüz.mp3
410,m y m y ɾ,mümür,yy,-16.704255115308886,-13.020817250140125,-13.053521821836997,1.3152884044924409,1.0360942196571266,1.3149976658456903,1.0343698974546898,3,mümür.mp3
411,ɟ y s y f,güsüf,yy,-22.96626912908152,-23.65293144228456,-23.26150177793404,1.162474537561398,1.007526105518591,1.1624701118447611,1.0073429378505647,4,güsüf.mp3
412,ɟ y ɟ y c,gügük,yy,-29.68094473723395,-33.68337874661388,-32.205899752844275,1.0953617399096514,1.0001767014017344,1.095478732648763,1.000384506138849,5,gügük.mp3
413,m y d͡ʒ y z,mücüz,yy,-19.055770045147348,-15.489145500909974,-15.51914804312365,1.2205470790782769,1.0297516825712627,1.2204412615879323,1.028399004052331,6,mücüz.mp3
414,l y v ø c,lüvök,yø,-24.69819952981217,-inf,-33.84418076589204,1.1109520851514574,1.0013626948653658,1.1110436100959913,1.0015085655369462,1,lüvök.mp3
415,m y ʒ ø z,müjöz,yø,-22.32662891088082,-18.58658519622501,-18.33479718703259,1.187771311398157,1.027167731420923,1.1877241782403851,1.0259561075629384,2,müjöz.mp3
416,ɟ y ɟ ø c,gügök,yø,-30.88964249128854,-inf,-34.02337567467023,1.0749047338124378,1.0000545077946146,1.0750589613046984,1.0002695361099974,3,gügök.mp3
417,f y c ø v,füköv,yø,-24.105639586157395,-inf,-24.665973193548197,1.1129298669413028,1.0013678237866614,1.1130142426187757,1.0015130661860885,4,füköv.mp3
418,m y t ø ɾ,mütör,yø,-17.68011502873577,-14.771169321237188,-14.814804722114031,1.3145632200457231,1.0375461024211106,1.3142753588611862,1.0357780799024574,5,mütör.mp3
419,ɟ y ɟ ø z,gügöz,yø,-28.261172142031192,-inf,-27.20207685913116,1.0923810950775177,1.0002501387042984,1.0924989300689334,1.0004529214024969,6,gügöz.mp3
420,m y ɟ ø z,mügöz,yø,-23.67800700689448,-inf,-19.812441326740707,1.1873897568358545,1.0271132236263087,1.1873432880455872,1.0259044813368154,1,mügöz.mp3
421,n y m ø s,nümös,yø,-18.30486011833053,-23.800973686763864,-23.65109261672794,1.1731956986207523,1.0049036855497242,1.1731689601736792,1.0048624490342637,2,nümös.mp3
422,l y v ø h,lüvöh,yø,-22.081365336981623,-inf,-30.783197051114545,1.123537673674444,1.0013626948653658,1.123602990586653,1.0015085655369462,3,lüvöh.mp3
423,l y g ɯ h,lügıh,yɯ,-20.4998975830064,-inf,-29.036115755256105,1.149974565951282,1.00059203852765,1.149989887931764,1.0007759709906086,4,lügıh.mp3
424,ɟ y f ɯ t͡ʃ,güfıç,yɯ,-23.52101257891524,-25.37166299204228,-24.957736942410385,1.1507777147848135,1.0033263350439428,1.1507931543712089,1.0033620285817637,5,güfıç.mp3
425,ɟ y ʒ ɯ ʒ,güjıj,yɯ,-27.593669876805237,-inf,-32.54585594703615,1.1262058924390637,1.0001090155892292,1.1262665863054913,1.0003211623361203,6,güjıj.mp3
426,m y d͡ʒ ɯ z,mücız,yɯ,-18.55322100222074,-14.44026579065542,-14.47667494038302,1.2502923637098795,1.0311610225528094,1.2501324054364051,1.029724802800534,1,mücız.mp3
427,n y m ɯ j,nümıy,yɯ,-16.9785438270158,-22.43669703100411,-22.421232711240805,1.2136164438653825,1.006133848620259,1.21351869881907,1.0060194361555963,2,nümıy.mp3
428,l y g ɯ ʒ,lügıj,yɯ,-22.883384054348497,-inf,-31.210086947359827,1.1381062907638022,1.0003964076179663,1.1381463270545598,1.000592585698109,3,lügıj.mp3
429,b y t͡ʃ ɯ ʒ,büçıj,yɯ,-21.616844660036552,-inf,-22.629276208594437,1.2022894136775335,1.0049370975420808,1.2022183989320754,1.00489232261725,4,büçıj.mp3
430,m y d͡ʒ ɯ ʒ,mücıj,yɯ,-20.94834362998964,-inf,-19.765604716524727,1.2335333157803068,1.0297916061850232,1.2334082562856274,1.0284411057530372,5,mücıj.mp3
431,m y ɾ ɯ ɾ,mürır,yɯ,-15.856481481342133,-12.944319591547218,-12.972778988107237,1.435298597005871,1.053819451965324,1.434796547206406,1.0510915726346128,6,mürır.mp3
432,v ø g a v,vögav,øa,-20.10445696792307,-inf,-26.10524817310064,1.247357754390403,1.0083186036664065,1.247192526866456,1.0080374911419787,1,vögav.mp3
433,n ø t a j,nötay,øa,-16.60787778582062,-20.72993099169201,-20.69776307610008,1.3204062609894092,1.0202544768288162,1.3201110967426837,1.019299714440256,2,nötay.mp3
434,c ø j a ʒ,köyaj,øa,-23.63077684473017,-inf,-22.239940954309937,1.2565841996509106,1.012129479451536,1.2564064248544844,1.0116719887342391,3,köyaj.mp3
435,t ø ɾ a n,töran,øa,-15.737900612639798,-14.053612751333944,-14.0900146594381,1.4983632288774549,1.0585320936609162,1.4977406461807206,1.055335124686371,4,töran.mp3
436,t͡ʃ ø v a ʒ,çövaj,øa,-22.02652922523325,-18.767317689397675,-18.90720043717005,1.2721540242302385,1.0142653337379195,1.271949454860332,1.0136943818059525,5,çövaj.mp3
437,ɟ ø ʒ a ʒ,göjaj,øa,-27.45584167623776,-inf,-28.658578991412625,1.2132638879125943,1.0012877520658865,1.2131615198695442,1.001425904834909,6,göjaj.mp3
438,l ø ʒ a v,löjav,øa,-22.61577681077505,-inf,-27.92410669629761,1.2294482612194106,1.0055264217757005,1.2293140831342488,1.0053992528390658,1,löjav.mp3
439,h ø ʃ a ʒ,höşaj,øa,-21.446707936005243,-21.13827944442946,-21.18485938345635,1.2838250896845864,1.0078943784157934,1.2836003756660834,1.007671292277256,2,höşaj.mp3
440,t͡ʃ ø v a n,çövan,øa,-18.701602767562907,-15.100178717825774,-15.129210912490072,1.3444722505099906,1.0395669313903486,1.3441170867989016,1.0374122129692265,3,çövan.mp3
441,t͡ʃ ø z e z,çözez,øe,-19.754215062891827,-16.895697183378992,-16.939241023440918,1.2120949070379754,1.009437938030965,1.2119958615786497,1.00912865193404,4,çözez.mp3
442,s ø ɟ e v,sögev,øe,-22.79528403658063,-inf,-24.307406591636536,1.2117460774005275,1.0060152288996411,1.2116501844406864,1.0058751054370156,5,sögev.mp3
443,t ø l e ɾ,töler,øe,-18.092071394057463,-inf,-23.47218345961383,1.2904993682381145,1.015354289300933,1.29024438545329,1.0146192543931714,6,töler.mp3
444,s ø ɾ e ɾ,sörer,øe,-16.33314456534291,-14.679954878983413,-14.714425131840436,1.4153867644354674,1.032928769087306,1.4149143088475702,1.0312349764733082,1,sörer.mp3
445,ɟ ø t͡ʃ e ʒ,göçej,øe,-25.895838414443286,-inf,-26.01302387459999,1.140043237235324,1.0022924360788037,1.1400750278451808,1.0023829981607115,2,göçej.mp3
446,ɟ ø c e c,gökek,øe,-28.39720632730869,-inf,-33.97421042400016,1.1292419818961106,1.000652103032279,1.1292928245120586,1.0008291941922065,3,gökek.mp3
447,v ø l e j,völey,øe,-20.38341156188671,-inf,-29.97343999404517,1.1770011355390022,1.0039778284969023,1.1769622987891786,1.0039467441646983,4,völey.mp3
448,t͡ʃ ø v e ʒ,çövej,øe,-22.501198433327293,-19.60154616634259,-19.720161431862618,1.1877047678623542,1.007255175976289,1.187653908531909,1.0070775327862946,5,çövej.mp3
449,v ø l e c,völek,øe,-23.323793740357537,-inf,-33.17836619636902,1.1573076239641735,1.000652103032279,1.1573097966742572,1.0008291941922065,6,völek.mp3
450,t͡ʃ ø z i z,çöziz,øi,-19.95205038921768,-16.53019953976399,-16.57507613525408,1.2189898868089024,1.012754830804793,1.21887829147456,1.0122417488420343,1,çöziz.mp3
451,v ø l i c,völik,øi,-23.521629066683385,-inf,-33.25997944794797,1.1642026037351003,1.0003260515161396,1.1641922265701674,1.0005235520380404,2,völik.mp3
452,v ø l i v,völiv,øi,-21.2450194600926,-inf,-31.53443408186967,1.1757448274064406,1.0014998369742418,1.1757104148958002,1.0016238637930377,3,völiv.mp3
453,d ø z i ʒ,dözij,øi,-21.70542391051496,-19.545489240999224,-19.60431392431074,1.2249679545138032,1.009262247629164,1.2248519373951183,1.008979216459775,4,dözij.mp3
454,ɟ ø c i c,gökik,øi,-28.595041653634546,-inf,-34.34350574803089,1.1361369616670376,1.0003260515161396,1.1361752544079688,1.0005235520380404,5,gökik.mp3
455,t ø ɾ i n,törin,øi,-16.410405147059684,-14.831918462189485,-14.86886634674382,1.4208089522804974,1.0291017054180784,1.420327529748208,1.0276334200937636,6,törin.mp3
456,n ø t i v,nötiv,øi,-17.944154892120544,-23.2961730088594,-23.25009722290949,1.2347006964889633,1.0201890138444885,1.2345636665208823,1.019285545598672,1,nötiv.mp3
457,z ø ʒ i l,zöjil,øi,-22.93642060252837,-inf,-24.4772263559713,1.157513007334928,1.001760072495694,1.157511308073952,1.0018712112846873,2,zöjil.mp3
458,ɟ ø ɟ i n,gögin,øi,-26.15479784900096,-inf,-25.981965253358386,1.207646283033087,1.0123140448014616,1.2075351451808032,1.0117616811066352,3,gögin.mp3
459,v ø d͡ʒ o h,vöcoh,øo,-21.363641778803853,-inf,-28.344098104475098,1.0848245663042964,1.0002254577062906,1.0849553554942497,1.0004310609040532,4,vöcoh.mp3
460,t ø ɾ o n,töron,øo,-17.485988279342866,-15.627675512106372,-15.666950907825106,1.3290088497105506,1.0122008810961551,1.3286945168365425,1.0117169531065573,5,töron.mp3
461,b ø d͡ʒ o ʒ,böcoj,øo,-23.199615484381773,-22.94673486054192,-22.872071478740505,1.121083185876453,1.0015584369695272,1.121155460851373,1.0016920324034493,6,böcoj.mp3
462,l ø ʒ o h,löjoh,øo,-24.023639891238357,-inf,-30.04919461281527,1.0611372469041531,1.0,1.0613091459550994,1.0002179098838746,1,löjoh.mp3
463,t͡ʃ ø j o ʒ,çöyoj,øo,-23.110844320056284,-18.612897025047648,-18.738353722963613,1.1138647273701043,1.0038353772712676,1.1139491411652993,1.0038463961880495,2,çöyoj.mp3
464,n ø m o s,nömos,øo,-18.203872787484933,-22.19842578179625,-22.165436338076116,1.1411016056561956,1.0035204518715182,1.141128679586091,1.0035409822204415,3,nömos.mp3
465,ɟ ø j o ʒ,göyoj,øo,-26.49689488595845,-inf,-23.932703542616142,1.0852809248581945,1.0023189127998635,1.085414770218477,1.002409614578854,4,göyoj.mp3
466,ɟ ø ʒ o ʒ,göjoj,øo,-29.203929342940828,-inf,-29.447557759589778,1.0439095087456904,1.0001956309096838,1.044115390525366,1.000401295176374,5,göjoj.mp3
467,t͡ʃ ø j o p,çöyop,øo,-20.76116254339913,-16.85312947192674,-16.895892356598512,1.1297760413577145,1.0043570596970908,1.129827321681991,1.004335423634715,6,çöyop.mp3
468,v ø h u v,vöhuv,øu,-21.19584626377422,-inf,-27.14453973692883,1.12204735674267,1.0019306114959543,1.1221120023890112,1.0020390443325038,1,vöhuv.mp3
469,b ø t͡ʃ u ʒ,böçuj,øu,-23.04040938456597,-22.79008801093924,-22.657649428790645,1.141361768943645,1.0020862604454976,1.1413970478706803,1.0021930802819217,2,böçuj.mp3
470,t͡ʃ ø j u ʒ,çöyuj,øu,-22.924149578450105,-20.79768766887971,-20.742784223544646,1.135233466329589,1.004608462527747,1.13527898588403,1.0045783180618666,3,çöyuj.mp3
471,d ø ʒ u ʒ,döjuj,øu,-24.98943492896086,-inf,-24.22776906482711,1.1165991658515588,1.0026538128249567,1.116677401262255,1.0027322776999663,4,döjuj.mp3
472,n ø t u j,nötuy,øu,-18.16927071091751,-22.85152327554604,-22.813072474048504,1.1724206207819898,1.0038089132465688,1.1723948121172356,1.0038168140055153,5,nötuy.mp3
473,l ø ʒ u v,löjuv,øu,-24.17716973587194,-inf,-28.848175212289668,1.0814626210119913,1.0004564721225957,1.0815977985088008,1.0006458088997068,6,löjuv.mp3
474,ɟ ø ʒ u ʒ,göjuj,øu,-29.01723460133465,-inf,-30.01521454529064,1.0652782477051752,1.0,1.0654452352440962,1.0002179098838746,1,göjuj.mp3
475,s ø ɾ u ɾ,sörur,øu,-17.419868282345767,-15.476373057880078,-15.513651402105268,1.3518503805959323,1.0191373454814323,1.3514935705505449,1.0182579368786828,2,sörur.mp3
476,t͡ʃ ø j u z,çöyuz,øu,-20.529026950681207,-17.342610045374,-17.381051887526098,1.151992514259162,1.0064343510181284,1.1520031350348077,1.0062899141251958,3,çöyuz.mp3
477,n ø n y j,nönüy,øy,-18.59665120544969,-23.859590348601596,-23.813870098081395,1.1568370879889744,1.0032243478372642,1.1568399878441131,1.0032682870588847,4,nönüy.mp3
478,s ø ɾ y ɾ,sörür,øy,-17.707550354797547,-16.169021341758853,-16.205464404636334,1.3319062242337465,1.013027665125439,1.33158571547973,1.0125094354360924,5,sörür.mp3
479,ɟ ø ɟ y ʃ,gögüş,øy,-28.38202559692333,-inf,-27.273964274617327,1.06451562774906,1.0016113280727483,1.064678843072776,1.001729331617179,6,gögüş.mp3
480,ɟ ø c y c,gökük,øy,-29.771612116763333,-inf,-33.918015159012405,1.0457614416943897,1.000065210303228,1.0459642311442183,1.0002790383147078,1,gökük.mp3
481,v ø ɟ y m,vögüm,øy,-24.02986774956105,-inf,-25.69225069164061,1.09995900556369,1.002654692924395,1.10005431962118,1.0027073865105098,2,vögüm.mp3
482,t͡ʃ ø ɟ y z,çögüz,øy,-24.87512157612903,-22.11753265394216,-21.28303150118376,1.0902953872221697,1.0022148482989617,1.090415010076083,1.00231031519471,3,çögüz.mp3
483,v ø l y c,völük,øy,-24.69819952981217,-inf,-34.22078322004938,1.0738270837624526,1.000065210303228,1.0739812033064169,1.0002790383147078,4,völük.mp3
484,t͡ʃ ø z y z,çözüz,øy,-21.128620852346465,-17.361344872511363,-17.40089460771028,1.1286143668362545,1.004828700340673,1.1286672682108094,1.004783270632296,5,çözüz.mp3
485,v ø l y j,völüy,øy,-21.757817351341345,-inf,-31.916689215783485,1.0935205953372813,1.0001956309096838,1.0936337054213383,1.000401295176374,6,völüy.mp3
486,v ø l ø c,völök,øø,-25.90689728386676,-inf,-35.34511196131538,1.053370077665239,1.0,1.0535614319623523,1.0002179098838746,1,völök.mp3
487,v ø l ø h,völöh,øø,-23.290063091036213,-inf,-32.28412824653789,1.0659556661882257,1.0,1.066120812453014,1.0002179098838746,2,völöh.mp3
488,ɟ ø c ø c,gökök,øø,-30.98030987081792,-inf,-35.04234390027842,1.025304435597176,1.0,1.0255444598001535,1.0002179098838746,3,gökök.mp3
489,ɟ ø ɟ ø t͡ʃ,gögöç,øø,-29.83032005396617,-inf,-28.770426831168702,1.0317338743417712,1.0000545077946146,1.0319599892793068,1.0002695361099974,4,gögöç.mp3
490,t͡ʃ ø ɟ ø z,çögöz,øø,-26.083819330183616,-inf,-21.52261786831054,1.069838381124956,1.0017666031757022,1.0699952387320184,1.0018897030116924,5,çögöz.mp3
491,n ø m ø h,nömöh,øø,-20.22203636369186,-27.127441990238378,-26.772419935381528,1.1051797136202524,1.001638791460164,1.1052765997185356,1.00176987702246,6,nömöh.mp3
492,t͡ʃ ø t͡ʃ ø z,çöçöz,øø,-22.697768764281445,-19.14014982771973,-19.125549383488163,1.0814485413778725,1.0021481577380047,1.0815851832308758,1.0022510865945526,1,çöçöz.mp3
493,s ø ɾ ø ɾ,sörör,øø,-18.916248108852137,-17.736643428071496,-17.750937164122824,1.311449218136533,1.006315849424642,1.3111659441356651,1.0061905369137407,2,sörör.mp3
494,c ø d ø l,ködöl,øø,-25.273737592608967,-inf,-27.063517981829783,1.0636055587079187,1.0001114910985065,1.0637759789037924,1.0003233777080158,3,ködöl.mp3
495,n ø m ɯ j,nömıy,øɯ,-18.18724158107039,-23.99488997807466,-23.947971790620024,1.1624899274009108,1.0028689545306988,1.1624806365353328,1.002926864143793,4,nömıy.mp3
496,c ø z ɯ ɾ,közır,øɯ,-21.71220299840252,-inf,-19.68550050557094,1.1902183865771947,1.0145089255684994,1.1901414021562249,1.013860174302362,5,közır.mp3
497,l ø ʒ ɯ v,löjıv,øɯ,-23.962302765397112,-inf,-31.445776025167124,1.0912637492814083,1.000065210303228,1.0913810872864589,1.0002790383147078,6,löjıv.mp3
498,t͡ʃ ø z ɯ z,çözız,øɯ,-20.62607180941986,-16.976091075060026,-17.019424912474907,1.1583596514678574,1.0080045227428704,1.1583584120592822,1.0077781589190764,1,çözız.mp3
499,s ø ɾ ɯ ɾ,sörır,øɯ,-17.20500131187094,-15.07133366695696,-15.108072623586152,1.3616515088653494,1.0224207245664567,1.3612768593282027,1.021344720223736,2,sörır.mp3
500,v ø ʒ ɯ h,vöjıh,øɯ,-23.024241178401727,-inf,-30.45570700382361,1.1036756719502918,1.0001956309096838,1.1037711769871554,1.000401295176374,3,vöjıh.mp3
501,h ø ʒ ɯ ʃ,höjış,øɯ,-22.793233890627302,-inf,-24.383373092781312,1.1381678025861008,1.006410521744585,1.13820094196689,1.0062326049478594,4,höjış.mp3
502,ɟ ø v ɯ ʃ,gövış,øɯ,-24.484836572880727,-inf,-24.564293047048626,1.1249488007486994,1.007870816045076,1.1250044411600126,1.0076134587496162,5,gövış.mp3
503,ɟ ø ʒ ɯ ʒ,göjıj,øɯ,-28.802367630859823,-inf,-33.85250624509612,1.0750793759745922,1.0,1.075228524021754,1.0002179098838746,6,göjıj.mp3
504,n ɯ t a j,nıtay,ɯa,-14.896630988839425,-19.401787788498176,-19.40541509478784,1.354526711595995,1.021234920433465,1.3541725154278046,1.0202283613160217,1,nıtay.mp3
505,v ɯ ʒ a ʒ,vıjaj,ɯa,-22.349954898140567,-inf,-25.81550837135159,1.2641123593074002,1.0015585492929229,1.2639220306428625,1.0016824729794085,2,vıjaj.mp3
506,d ɯ ʒ a ʒ,dıjaj,ɯa,-21.71679520688277,-inf,-23.19054324641265,1.298705256665564,1.0026417382010682,1.2984551045728236,1.002708745557405,3,dıjaj.mp3
507,g ɯ ɾ a ʒ,gıraj,ɯa,-18.902722310983343,-16.198481439042656,-16.34403605221776,1.419942412927112,1.0501716213082088,1.419480952598695,1.0476633593333955,4,gıraj.mp3
508,k ɯ k a ɾ,kıkar,ɯa,-13.852944181894015,-12.360407543244856,-12.380543004924991,1.493480237823476,1.0526280988311794,1.492865948681668,1.0498258559342786,5,kıkar.mp3
509,g ɯ ʃ a n,gışan,ɯa,-16.88053831059943,-13.952848512019289,-13.993863814055455,1.3804651524522582,1.0360723486113332,1.3800477574614127,1.0341140599250127,6,gışan.mp3
510,n ɯ ʒ a j,nıjay,ɯa,-18.361255868590177,-inf,-24.42370924182812,1.2862284449438637,1.0083293699708047,1.2859931705589396,1.0080300149841257,1,nıjay.mp3
511,b ɯ d a ʒ,bıdaj,ɯa,-19.12602055601626,-20.08567575275351,-20.17911549471616,1.3411283852127902,1.0103448182681387,1.3408045259119057,1.0099894506104767,2,bıdaj.mp3
512,n ɯ ʒ a v,nıjav,ɯa,-19.02502844047022,-inf,-25.556872791643976,1.278077157040375,1.005851378448144,1.277858856769651,1.0057071346124649,3,nıjav.mp3
513,n ɯ c e h,nıkeh,ɯe,-19.392820783812937,-inf,-28.037484047969727,1.1958159292110446,1.001629162737002,1.1957471731906515,1.0017483602739372,4,nıkeh.mp3
514,n ɯ l e ɾ,nıler,ɯe,-16.520523019156673,-22.578512005763056,-22.1906184306061,1.270537965228416,1.016447580336092,1.2703174772901622,1.015654592290636,5,nıler.mp3
515,k ɯ ɟ e h,kıgeh,ɯe,-20.35414713041565,-inf,-22.976968237654425,1.283235141884312,1.015169372438029,1.2830152250357565,1.0145770800961191,6,kıgeh.mp3
516,v ɯ c e c,vıkek,ɯe,-23.291319549211504,-inf,-31.131139803939128,1.1800904532909162,1.0009229002593154,1.1800533352853768,1.0010857623367058,1,vıkek.mp3
517,g ɯ ɟ e ʒ,gıgej,ɯe,-24.30578124525424,-inf,-24.815598505272497,1.196280249113463,1.002806683496261,1.1962148980539262,1.0028744767627225,2,gıgej.mp3
518,g ɯ ʃ e ʒ,gışej,ɯe,-20.680133976363813,-18.215759687198577,-18.34658379874023,1.2236976698046218,1.0074075246463592,1.2235845791944204,1.007225242015273,3,gışej.mp3
519,k ɯ ɾ e t,kıret,ɯe,-14.34461899583014,-12.379643812608151,-12.401069233681326,1.4574007718602364,1.0575407260274738,1.4568656707805725,1.054575679739315,4,kıret.mp3
520,g ɯ d͡ʒ e n,gıcen,ɯe,-17.56731557989134,-14.61749184700327,-14.657735297121354,1.281298791538424,1.019356759110327,1.2810607321907763,1.0184127138021122,5,gıcen.mp3
521,n ɯ c e c,nıkek,ɯe,-22.009654976643485,-inf,-30.90854985906133,1.183230340688058,1.0009770597047227,1.18318779269999,1.0011370759656055,6,nıkek.mp3
522,g ɯ ɟ i ʒ,gıgij,ɯi,-24.50361657158009,-25.49963744384403,-24.94700242135446,1.20317522888439,1.0026110525865772,1.2030973279498365,1.002691091470223,1,gıgij.mp3
523,n ɯ c i v,nıkiv,ɯi,-19.93088069637855,-inf,-29.55229981701376,1.201667544130325,1.0018247936466855,1.201588410921533,1.0019317455664367,2,nıkiv.mp3
524,g ɯ d͡ʒ i l,gıcil,ɯi,-19.64465247954083,-16.929800719720177,-16.98778054263725,1.223765991720176,1.0081634508787554,1.2236495458961485,1.007928985502199,3,gıcil.mp3
525,n ɯ t i v,nıtiv,ɯi,-16.232908095139347,-21.96802980566556,-21.95774924159725,1.268821147095549,1.0211694574491372,1.2686250852060037,1.0202141924744377,4,nıtiv.mp3
526,k ɯ ɾ i n,kırin,ɯi,-14.682152744236394,-12.37822264154962,-12.400758782495078,1.4897929801932763,1.0573621548079215,1.4891922342093775,1.054404034344128,5,kırin.mp3
527,v ɯ c i c,vıkik,ɯi,-23.48915487553736,-inf,-31.50043512796986,1.1869854330618432,1.000596848743176,1.186935765181287,1.0007801201825397,6,vıkik.mp3
528,p ɯ h i c,pıhik,ɯi,-20.565900791152,-23.40671397169415,-23.24817306184844,1.2307563842740858,1.0085929357767276,1.2306306880145006,1.008342931175454,1,pıhik.mp3
529,g ɯ d͡ʒ i n,gıcin,ɯi,-17.765150906217194,-14.572887378272108,-14.613885458742647,1.288193771309351,1.019118781821044,1.2879431620866866,1.0181985618821732,2,gıcin.mp3
530,n ɯ c i c,nıkik,ɯi,-22.207490302969337,-inf,-31.27784518309206,1.190125320458985,1.000651008188583,1.1900702225959,1.0008314338114397,3,nıkik.mp3
531,g ɯ k o p,gıkop,ɯo,-18.39650934559961,-15.155469592030345,-15.199246251117556,1.1896978651358043,1.0101186670128863,1.189645248846842,1.0097904273217253,4,gıkop.mp3
532,n ɯ t o j,nıtoy,ɯo,-16.64471865554249,-20.8852803375486,-20.88836208756007,1.1851723324290908,1.004463305335078,1.185126386083626,1.0044398187271149,5,nıtoy.mp3
533,v ɯ ʒ o ʒ,vıjoj,ɯo,-24.09804256484363,-inf,-26.60448713952874,1.094757980140496,1.0004664281367202,1.0948759012986842,1.0006578633208734,6,vıjoj.mp3
534,n ɯ ʒ o h,nıjoh,ɯo,-20.43289152093352,-inf,-27.68196070816164,1.1097661427251175,1.0003249566724437,1.1098539195905015,1.0005257916572736,1,nıjoh.mp3
535,k ɯ k o n,kıkon,ɯo,-15.853117021089924,-12.795133988211877,-12.823178946592495,1.321191395011316,1.0259375020257335,1.3208914663733455,1.0247328374892803,2,kıkon.mp3
536,g ɯ k o ʒ,gıkoj,ɯo,-20.74619112225676,-16.915237145151256,-17.041707617482654,1.1737865511481944,1.0095969845870632,1.1737670683301502,1.0093013998750595,3,gıkoj.mp3
537,v ɯ m o ʒ,vımoj,ɯo,-20.866255525720582,-21.52786979559882,-21.609613266696552,1.1433244251421313,1.0025302512137306,1.1433577818079883,1.002610125753439,4,vımoj.mp3
538,d ɯ ʒ o ʒ,dıjoj,ɯo,-23.464882873585843,-inf,-23.9795220145898,1.1293508774986598,1.0015496170448657,1.1294089752286451,1.0016841358988702,5,dıjoj.mp3
539,v ɯ ʒ o h,vıjoh,ɯo,-21.714556093501532,-inf,-27.904550653039436,1.1066262553279758,1.0002707972270364,1.1067194621758885,1.000474478028374,6,vıjoh.mp3
540,g ɯ ʒ u ɫ,gıjul,ɯu,-20.705303097683917,-inf,-21.48584727527315,1.1930536885026797,1.0065343732888652,1.19297852493055,1.006368299524924,1,gıjul.mp3
541,g ɯ d͡ʒ u ɾ,gıcur,ɯu,-18.401954124401357,-15.514694512570816,-15.553988277275629,1.2206968713441448,1.0114276001889089,1.2205683468578952,1.0109684044339573,2,gıcur.mp3
542,v ɯ ʒ u v,vıjuv,ɯu,-21.86808593813512,-inf,-26.703531252513827,1.126951629435814,1.000727269349632,1.1270081147295898,1.000902377044206,3,vıjuv.mp3
543,n ɯ t u j,nıtuy,ɯu,-16.458023913936312,-21.5233800723522,-21.520724492736264,1.2065410713885756,1.0047893568512176,1.2064562308023568,1.0047454608812807,4,nıtuy.mp3
544,v ɯ ʒ u ʒ,vıjuj,ɯu,-23.911347823237456,-inf,-27.172143925229605,1.1161267190999808,1.0002707972270364,1.1162057460174144,1.000474478028374,5,vıjuj.mp3
545,n ɯ g u v,nıguv,ɯu,-18.672938523470744,-24.97225112201225,-24.798231194095607,1.1366324521867113,1.0015222117456346,1.1366721183407424,1.001653631447348,6,nıguv.mp3
546,k ɯ ɾ u ɾ,kırur,ɯu,-15.318955962420556,-13.211802908261404,-13.235619449577031,1.4222960802280702,1.0464229248539447,1.4218174189805863,1.04410490580885,1,kırur.mp3
547,g ɯ ʒ u ʒ,gıjuj,ɯu,-24.04112686624343,-inf,-24.742720107269367,1.1331254198362304,1.0024913344887347,1.1331750499516993,1.002578336813267,2,gıjuj.mp3
548,g ɯ d͡ʒ u z,gıcuz,ɯu,-19.58384312679565,-16.64152559173808,-16.684403427045364,1.1622032293487097,1.0059499347177645,1.1621965111059591,1.0058336162439705,3,gıcuz.mp3
549,g ɯ ɟ y ʒ,gıgüj,ɯy,-25.68018703470888,-24.79307060996098,-24.185039595714763,1.112799708911742,1.002733246193697,1.112886304686086,1.0028060614990746,4,gıgüj.mp3
550,v ɯ c y c,vıkük,ɯy,-24.665725338666142,-inf,-31.07494453895137,1.0966099130891953,1.0003360075302643,1.0967247419175363,1.000535606459207,5,vıkük.mp3
551,n ɯ c y c,nıkük,ɯy,-23.384060766098123,-inf,-30.85235459407357,1.099749800486337,1.0003901669756716,1.0998591993321496,1.0005869200881068,6,nıkük.mp3
552,k ɯ ɾ y ɾ,kırür,ɯy,-15.606638034872336,-13.90445119214018,-13.927432452108098,1.4023519238658844,1.0403132444979513,1.4019095639097712,1.0383564043662596,1,kırür.mp3
553,n ɯ c y j,nıküy,ɯy,-20.443678587627296,-inf,-28.54826058980769,1.1194433120611658,1.0005205875821277,1.119511701447071,1.0007091769497731,2,nıküy.mp3
554,n ɯ t y j,nıtüy,ɯy,-16.745705986388092,-22.3564259100322,-22.34000437551107,1.1865969150263898,1.0045937259415338,1.1865483757315416,1.0045620755887812,3,nıtüy.mp3
555,g ɯ ɟ y z,gıgüz,ɯy,-23.285064406939977,-21.35349717299124,-20.799421774706857,1.129558756841315,1.0031897183162923,1.1296104538368636,1.003233960514907,4,gıgüz.mp3
556,g ɯ m y z,gımüz,ɯy,-18.701899271803264,-15.284758444764732,-15.32860458966336,1.1785067564052527,1.00554093342204,1.1784732245409664,1.0054576463094618,5,gımüz.mp3
557,f ɯ d y c,fıdük,ɯy,-21.761233097918407,-23.89174718193573,-23.686632689099905,1.1325830509681372,1.0056072670834837,1.1326353404889125,1.0055261372591189,6,fıdük.mp3
558,g ɯ ɟ ø z,gıgöz,ɯø,-24.493762160994564,-inf,-21.039008141833637,1.1091017507441014,1.002741473193033,1.109190682492799,1.0028133483318893,1,gıgöz.mp3
559,n ɯ v ø c,nıvök,ɯø,-22.316148913561925,-inf,-30.445293983702243,1.1084544645079504,1.001905682716268,1.1085503214476562,1.0020229522148367,2,nıvök.mp3
560,n ɯ m ø h,nımöh,ɯø,-18.510789566710663,-25.526286904340548,-25.20620087924542,1.139300164226838,1.0014200635832908,1.1393380184036568,1.0015627469235224,3,nımöh.mp3
561,k ɯ ɾ ø ɾ,kırör,ɯø,-16.815335788926927,-15.47207327845282,-15.47290521159459,1.3818949177686708,1.0336014287971542,1.3814897925657066,1.032037505843908,4,kırör.mp3
562,n ɯ c ø c,nıkök,ɯø,-24.59275852015271,-inf,-31.976683335339587,1.0792927943891235,1.0003249566724437,1.079439427988085,1.0005257916572736,5,nıkök.mp3
563,g ɯ ɟ ø ʒ,gıgöj,ɯø,-26.888884788763463,-inf,-25.491689893774726,1.0923427028145285,1.0025458422833493,1.0924665333420214,1.0026299630393898,6,gıgöj.mp3
564,z ɯ f ø ʒ,zıföj,ɯø,-23.01788207907577,-inf,-25.118736995317576,1.0902439638685273,1.0024969451408785,1.090371213824056,1.00258336556017,1,zıföj.mp3
565,v ɯ c ø c,vıkök,ɯø,-25.87442309272073,-inf,-32.19927328021738,1.0761529069919815,1.0002707972270364,1.076304970573472,1.000474478028374,2,vıkök.mp3
566,g ɯ ʃ ø z,gışöz,ɯø,-20.868114892104145,-17.68946998702973,-17.66557104382508,1.1365191714352605,1.0043221992368574,1.1365603636332933,1.0043105088894526,3,gışöz.mp3
567,k ɯ ɾ ɯ ɾ,kırır,ɯɯ,-15.10408899194573,-12.806763517338286,-12.830040671057915,1.4320972084974872,1.049706303938969,1.431600707758244,1.0471916891539033,4,kırır.mp3
568,g ɯ ʃ ɯ ɾ,gışır,ɯɯ,-17.97497909272865,-14.266839235392236,-14.30974193032308,1.245215104159512,1.0154542843243193,1.2450431145777665,1.0147602319695646,5,gışır.mp3
569,g ɯ ʒ ɯ f,gıjıf,ɯɯ,-21.788275067767117,-inf,-25.430059507970466,1.155577346931862,1.0034694890371534,1.155582793730333,1.0034952632757648,6,gıjıf.mp3
570,v ɯ ʒ ɯ ʒ,vıjıj,ɯɯ,-23.69648085276263,-inf,-31.00943562503508,1.125927847369398,1.0002707972270364,1.1259890347950725,1.000474478028374,1,vıjıj.mp3
571,n ɯ ʒ ɯ ʒ,nıjıj,ɯɯ,-22.41481628019461,-inf,-30.786845680157285,1.1290677347665397,1.0003249566724437,1.129123492209685,1.0005257916572736,2,nıjıj.mp3
572,n ɯ ʒ ɯ v,nıjıv,ɯɯ,-20.37155439509228,-inf,-29.078542120513493,1.1398926451023728,1.0003901669756716,1.1399258609218608,1.0005869200881068,3,nıjıv.mp3
573,n ɯ d͡ʒ ɯ ʒ,nıcıj,ɯɯ,-20.35265516851573,-inf,-23.177728006252813,1.141386496349446,1.0016727518916322,1.1414208042131675,1.0018002670345545,4,nıcıj.mp3
574,n ɯ m ɯ j,nımıy,ɯɯ,-16.47599478408919,-22.39373489217684,-22.38175273448392,1.1966103780074966,1.0026502266538255,1.196542055220454,1.0027197340448553,5,nımıy.mp3
575,g ɯ d͡ʒ ɯ ʃ,gıcış,ɯɯ,-19.48982961121296,-15.852311354959165,-15.901866630957937,1.1748084006569268,1.0097080569984351,1.1747780038271325,1.0093543709655342,6,gıcış.mp3
